2025-09-04T16:36:27.919+07:00  INFO 40796 --- [client-register-service] [main] [client-register-service,,]h.j.C.ClientRegisterServiceApplication   : Starting ClientRegisterServiceApplication using Java 23.0.2 with PID 40796 (/Users/dinhvanhuy/Course/Git/Microservices-Spring-Cloud_OAuth2_Docker_Kafka/MyCreate/ClientRegisterService/target/classes started by dinhvanhuy in /Users/dinhvanhuy/Course/Git/Microservices-Spring-Cloud_OAuth2_Docker_Kafka)
2025-09-04T16:36:27.921+07:00  INFO 40796 --- [client-register-service] [main] [client-register-service,,]h.j.C.ClientRegisterServiceApplication   : No active profile set, falling back to 1 default profile: "default"
2025-09-04T16:36:27.954+07:00  INFO 40796 --- [client-register-service] [main] [client-register-service,,]o.s.c.c.c.ConfigServerConfigDataLoader   : Fetching config from server at : http://localhost:9088
2025-09-04T16:36:27.955+07:00  INFO 40796 --- [client-register-service] [main] [client-register-service,,]o.s.c.c.c.ConfigServerConfigDataLoader   : Located environment: name=client-register-service, profiles=[default], label=null, version=null, state=null
2025-09-04T16:36:28.492+07:00  INFO 40798 --- [auth-service] [restartedMain] [auth-service,,]h.j.AuthService.AuthServiceApplication   : Starting AuthServiceApplication using Java 23.0.2 with PID 40798 (/Users/dinhvanhuy/Course/Git/Microservices-Spring-Cloud_OAuth2_Docker_Kafka/MyCreate/AuthService/target/classes started by dinhvanhuy in /Users/dinhvanhuy/Course/Git/Microservices-Spring-Cloud_OAuth2_Docker_Kafka)
2025-09-04T16:36:28.493+07:00  INFO 40798 --- [auth-service] [restartedMain] [auth-service,,]h.j.AuthService.AuthServiceApplication   : No active profile set, falling back to 1 default profile: "default"
2025-09-04T16:36:28.506+07:00  INFO 40798 --- [auth-service] [restartedMain] [auth-service,,]o.s.c.c.c.ConfigServerConfigDataLoader   : Fetching config from server at : http://localhost:9088
2025-09-04T16:36:28.506+07:00  INFO 40798 --- [auth-service] [restartedMain] [auth-service,,]o.s.c.c.c.ConfigServerConfigDataLoader   : Located environment: name=auth-service, profiles=[default], label=null, version=null, state=null
2025-09-04T16:36:28.507+07:00  INFO 40796 --- [client-register-service] [main] [client-register-service,,].s.d.r.c.RepositoryConfigurationDelegate : Bootstrapping Spring Data JPA repositories in DEFAULT mode.
2025-09-04T16:36:28.507+07:00  INFO 40798 --- [auth-service] [restartedMain] [auth-service,,].e.DevToolsPropertyDefaultsPostProcessor : Devtools property defaults active! Set 'spring.devtools.add-properties' to 'false' to disable
2025-09-04T16:36:28.507+07:00  INFO 40798 --- [auth-service] [restartedMain] [auth-service,,].e.DevToolsPropertyDefaultsPostProcessor : For additional web related logging consider setting the 'logging.level.web' property to 'DEBUG'
2025-09-04T16:36:28.567+07:00  INFO 40796 --- [client-register-service] [main] [client-register-service,,].s.d.r.c.RepositoryConfigurationDelegate : Finished Spring Data repository scanning in 56 ms. Found 1 JPA repository interface.
2025-09-04T16:36:28.682+07:00  INFO 40796 --- [client-register-service] [main] [client-register-service,,]o.s.cloud.context.scope.GenericScope     : BeanFactory id=aad06cab-1aad-3464-938b-97400e72be82
2025-09-04T16:36:28.840+07:00  INFO 40798 --- [auth-service] [restartedMain] [auth-service,,].s.d.r.c.RepositoryConfigurationDelegate : Bootstrapping Spring Data JPA repositories in DEFAULT mode.
2025-09-04T16:36:28.883+07:00  INFO 40798 --- [auth-service] [restartedMain] [auth-service,,].s.d.r.c.RepositoryConfigurationDelegate : Finished Spring Data repository scanning in 40 ms. Found 1 JPA repository interface.
2025-09-04T16:36:28.951+07:00  INFO 40798 --- [auth-service] [restartedMain] [auth-service,,]o.s.cloud.context.scope.GenericScope     : BeanFactory id=d45ae268-f8e0-3293-94b2-30aea302b97c
2025-09-04T16:36:28.979+07:00  INFO 40796 --- [client-register-service] [main] [client-register-service,,]o.s.b.w.embedded.tomcat.TomcatWebServer  : Tomcat initialized with port 9084 (http)
2025-09-04T16:36:28.984+07:00  INFO 40796 --- [client-register-service] [main] [client-register-service,,]o.apache.catalina.core.StandardService   : Starting service [Tomcat]
2025-09-04T16:36:28.984+07:00  INFO 40796 --- [client-register-service] [main] [client-register-service,,]o.apache.catalina.core.StandardEngine    : Starting Servlet engine: [Apache Tomcat/10.1.43]
2025-09-04T16:36:29.002+07:00  INFO 40796 --- [client-register-service] [main] [client-register-service,,]o.a.c.c.C.[Tomcat].[localhost].[/]       : Initializing Spring embedded WebApplicationContext
2025-09-04T16:36:29.002+07:00  INFO 40796 --- [client-register-service] [main] [client-register-service,,]w.s.c.ServletWebServerApplicationContext : Root WebApplicationContext: initialization completed in 1047 ms
2025-09-04T16:36:29.164+07:00  INFO 40798 --- [auth-service] [restartedMain] [auth-service,,]o.s.b.w.embedded.tomcat.TomcatWebServer  : Tomcat initialized with port 9008 (http)
2025-09-04T16:36:29.169+07:00  INFO 40798 --- [auth-service] [restartedMain] [auth-service,,]o.apache.catalina.core.StandardService   : Starting service [Tomcat]
2025-09-04T16:36:29.169+07:00  INFO 40798 --- [auth-service] [restartedMain] [auth-service,,]o.apache.catalina.core.StandardEngine    : Starting Servlet engine: [Apache Tomcat/10.1.43]
2025-09-04T16:36:29.181+07:00  INFO 40798 --- [auth-service] [restartedMain] [auth-service,,]o.a.c.c.C.[Tomcat].[localhost].[/]       : Initializing Spring embedded WebApplicationContext
2025-09-04T16:36:29.182+07:00  INFO 40798 --- [auth-service] [restartedMain] [auth-service,,]w.s.c.ServletWebServerApplicationContext : Root WebApplicationContext: initialization completed in 675 ms
2025-09-04T16:36:29.282+07:00  INFO 40798 --- [auth-service] [restartedMain] [auth-service,,]com.zaxxer.hikari.HikariDataSource       : HikariPool-1 - Starting...
2025-09-04T16:36:29.340+07:00  INFO 40796 --- [client-register-service] [main] [client-register-service,,]o.hibernate.jpa.internal.util.LogHelper  : HHH000204: Processing PersistenceUnitInfo [name: default]
2025-09-04T16:36:29.363+07:00  INFO 40796 --- [client-register-service] [main] [client-register-service,,]org.hibernate.Version                    : HHH000412: Hibernate ORM core version 6.6.22.Final
2025-09-04T16:36:29.377+07:00  INFO 40796 --- [client-register-service] [main] [client-register-service,,]o.h.c.internal.RegionFactoryInitiator    : HHH000026: Second-level cache disabled
2025-09-04T16:36:29.430+07:00  INFO 40798 --- [auth-service] [restartedMain] [auth-service,,]com.zaxxer.hikari.pool.HikariPool        : HikariPool-1 - Added connection com.mysql.cj.jdbc.ConnectionImpl@720c4596
2025-09-04T16:36:29.431+07:00  INFO 40798 --- [auth-service] [restartedMain] [auth-service,,]com.zaxxer.hikari.HikariDataSource       : HikariPool-1 - Start completed.
2025-09-04T16:36:29.486+07:00  INFO 40796 --- [client-register-service] [main] [client-register-service,,]o.s.o.j.p.SpringPersistenceUnitInfo      : No LoadTimeWeaver setup: ignoring JPA class transformer
2025-09-04T16:36:29.492+07:00  INFO 40798 --- [auth-service] [restartedMain] [auth-service,,]o.hibernate.jpa.internal.util.LogHelper  : HHH000204: Processing PersistenceUnitInfo [name: default]
2025-09-04T16:36:29.498+07:00  INFO 40796 --- [client-register-service] [main] [client-register-service,,]com.zaxxer.hikari.HikariDataSource       : HikariPool-1 - Starting...
2025-09-04T16:36:29.508+07:00  INFO 40798 --- [auth-service] [restartedMain] [auth-service,,]org.hibernate.Version                    : HHH000412: Hibernate ORM core version 6.6.22.Final
2025-09-04T16:36:29.518+07:00  INFO 40798 --- [auth-service] [restartedMain] [auth-service,,]o.h.c.internal.RegionFactoryInitiator    : HHH000026: Second-level cache disabled
2025-09-04T16:36:29.604+07:00  INFO 40798 --- [auth-service] [restartedMain] [auth-service,,]o.s.o.j.p.SpringPersistenceUnitInfo      : No LoadTimeWeaver setup: ignoring JPA class transformer
2025-09-04T16:36:29.611+07:00  INFO 40796 --- [client-register-service] [main] [client-register-service,,]com.zaxxer.hikari.pool.HikariPool        : HikariPool-1 - Added connection com.mysql.cj.jdbc.ConnectionImpl@7ab20a7
2025-09-04T16:36:29.612+07:00  INFO 40796 --- [client-register-service] [main] [client-register-service,,]com.zaxxer.hikari.HikariDataSource       : HikariPool-1 - Start completed.
2025-09-04T16:36:29.643+07:00  WARN 40798 --- [auth-service] [restartedMain] [auth-service,,]org.hibernate.orm.deprecation            : HHH90000025: MySQL8Dialect does not need to be specified explicitly using 'hibernate.dialect' (remove the property setting and it will be selected by default)
2025-09-04T16:36:29.643+07:00  WARN 40796 --- [client-register-service] [main] [client-register-service,,]org.hibernate.orm.deprecation            : HHH90000025: MySQL8Dialect does not need to be specified explicitly using 'hibernate.dialect' (remove the property setting and it will be selected by default)
2025-09-04T16:36:29.643+07:00  WARN 40798 --- [auth-service] [restartedMain] [auth-service,,]org.hibernate.orm.deprecation            : HHH90000026: MySQL8Dialect has been deprecated; use org.hibernate.dialect.MySQLDialect instead
2025-09-04T16:36:29.643+07:00  WARN 40796 --- [client-register-service] [main] [client-register-service,,]org.hibernate.orm.deprecation            : HHH90000026: MySQL8Dialect has been deprecated; use org.hibernate.dialect.MySQLDialect instead
2025-09-04T16:36:29.648+07:00  INFO 40798 --- [auth-service] [restartedMain] [auth-service,,]org.hibernate.orm.connections.pooling    : HHH10001005: Database info:
	Database JDBC URL [Connecting through datasource 'HikariDataSource (HikariPool-1)']
	Database driver: undefined/unknown
	Database version: 8.0
	Autocommit mode: undefined/unknown
	Isolation level: undefined/unknown
	Minimum pool size: undefined/unknown
	Maximum pool size: undefined/unknown
2025-09-04T16:36:29.650+07:00  INFO 40796 --- [client-register-service] [main] [client-register-service,,]org.hibernate.orm.connections.pooling    : HHH10001005: Database info:
	Database JDBC URL [Connecting through datasource 'HikariDataSource (HikariPool-1)']
	Database driver: undefined/unknown
	Database version: 8.0
	Autocommit mode: undefined/unknown
	Isolation level: undefined/unknown
	Minimum pool size: undefined/unknown
	Maximum pool size: undefined/unknown
2025-09-04T16:36:29.975+07:00  INFO 40796 --- [client-register-service] [main] [client-register-service,,]o.h.e.t.j.p.i.JtaPlatformInitiator       : HHH000489: No JTA platform available (set 'hibernate.transaction.jta.platform' to enable JTA platform integration)
2025-09-04T16:36:29.996+07:00  INFO 40798 --- [auth-service] [restartedMain] [auth-service,,]o.h.e.t.j.p.i.JtaPlatformInitiator       : HHH000489: No JTA platform available (set 'hibernate.transaction.jta.platform' to enable JTA platform integration)
2025-09-04T16:36:30.022+07:00  INFO 40798 --- [auth-service] [restartedMain] [auth-service,,]j.LocalContainerEntityManagerFactoryBean : Initialized JPA EntityManagerFactory for persistence unit 'default'
2025-09-04T16:36:30.036+07:00  INFO 40796 --- [client-register-service] [main] [client-register-service,,]j.LocalContainerEntityManagerFactoryBean : Initialized JPA EntityManagerFactory for persistence unit 'default'
2025-09-04T16:36:30.180+07:00  WARN 40798 --- [auth-service] [restartedMain] [auth-service,,]JpaBaseConfiguration$JpaWebConfiguration : spring.jpa.open-in-view is enabled by default. Therefore, database queries may be performed during view rendering. Explicitly configure spring.jpa.open-in-view to disable this warning
2025-09-04T16:36:30.197+07:00  WARN 40798 --- [auth-service] [restartedMain] [auth-service,,]r$InitializeUserDetailsManagerConfigurer : Global AuthenticationManager configured with an AuthenticationProvider bean. UserDetailsService beans will not be used by Spring Security for automatically configuring username/password login. Consider removing the AuthenticationProvider bean. Alternatively, consider using the UserDetailsService in a manually instantiated DaoAuthenticationProvider. If the current configuration is intentional, to turn off this warning, increase the logging level of 'org.springframework.security.config.annotation.authentication.configuration.InitializeUserDetailsBeanManagerConfigurer' to ERROR
2025-09-04T16:36:30.311+07:00  WARN 40796 --- [client-register-service] [main] [client-register-service,,]JpaBaseConfiguration$JpaWebConfiguration : spring.jpa.open-in-view is enabled by default. Therefore, database queries may be performed during view rendering. Explicitly configure spring.jpa.open-in-view to disable this warning
2025-09-04T16:36:30.442+07:00  INFO 40798 --- [auth-service] [restartedMain] [auth-service,,]o.s.b.a.e.web.EndpointLinksResolver      : Exposing 18 endpoints beneath base path '/actuator'
2025-09-04T16:36:30.836+07:00  INFO 40796 --- [client-register-service] [main] [client-register-service,,]o.s.b.a.e.web.EndpointLinksResolver      : Exposing 28 endpoints beneath base path '/actuator'
2025-09-04T16:36:31.233+07:00  INFO 40798 --- [auth-service] [restartedMain] [auth-service,,]o.s.b.d.a.OptionalLiveReloadServer       : LiveReload server is running on port 35729
2025-09-04T16:36:31.246+07:00  INFO 40798 --- [auth-service] [restartedMain] [auth-service,,]DiscoveryClientOptionalArgsConfiguration : Eureka HTTP Client uses RestTemplate.
2025-09-04T16:36:31.264+07:00  WARN 40798 --- [auth-service] [restartedMain] [auth-service,,]iguration$LoadBalancerCaffeineWarnLogger : Spring Cloud LoadBalancer is currently working with the default cache. While this cache implementation is useful for development and tests, it's recommended to use Caffeine cache in production.You can switch to using Caffeine cache, by adding it and org.springframework.cache.caffeine.CaffeineCacheManager to the classpath.
2025-09-04T16:36:31.295+07:00  INFO 40798 --- [auth-service] [restartedMain] [auth-service,,]o.s.c.n.eureka.InstanceInfoFactory       : Setting initial instance status as: STARTING
2025-09-04T16:36:31.303+07:00  INFO 40798 --- [auth-service] [restartedMain] [auth-service,,]com.netflix.discovery.DiscoveryClient    : Initializing Eureka in region us-east-1
2025-09-04T16:36:31.304+07:00  INFO 40798 --- [auth-service] [restartedMain] [auth-service,,]c.n.d.s.r.aws.ConfigClusterResolver      : Resolving eureka endpoints via configuration
2025-09-04T16:36:31.307+07:00  INFO 40798 --- [auth-service] [restartedMain] [auth-service,,]com.netflix.discovery.DiscoveryClient    : Disable delta property : false
2025-09-04T16:36:31.307+07:00  INFO 40798 --- [auth-service] [restartedMain] [auth-service,,]com.netflix.discovery.DiscoveryClient    : Single vip registry refresh property : null
2025-09-04T16:36:31.307+07:00  INFO 40798 --- [auth-service] [restartedMain] [auth-service,,]com.netflix.discovery.DiscoveryClient    : Force full registry fetch : false
2025-09-04T16:36:31.307+07:00  INFO 40798 --- [auth-service] [restartedMain] [auth-service,,]com.netflix.discovery.DiscoveryClient    : Application is null : false
2025-09-04T16:36:31.307+07:00  INFO 40798 --- [auth-service] [restartedMain] [auth-service,,]com.netflix.discovery.DiscoveryClient    : Registered Applications size is zero : true
2025-09-04T16:36:31.307+07:00  INFO 40798 --- [auth-service] [restartedMain] [auth-service,,]com.netflix.discovery.DiscoveryClient    : Application version is -1: true
2025-09-04T16:36:31.307+07:00  INFO 40798 --- [auth-service] [restartedMain] [auth-service,,]com.netflix.discovery.DiscoveryClient    : Getting all instance registry info from the eureka server
2025-09-04T16:36:31.375+07:00  INFO 40798 --- [auth-service] [restartedMain] [auth-service,,]c.n.d.s.t.d.RedirectingEurekaHttpClient  : Request execution error. endpoint=DefaultEndpoint{ serviceUrl='http://localhost:9099/eureka/}, exception=I/O error on GET request for "http://localhost:9099/eureka/apps/": Connect to http://localhost:9099 [localhost/127.0.0.1, localhost/0:0:0:0:0:0:0:1] failed: Connection refused stacktrace=org.springframework.web.client.ResourceAccessException: I/O error on GET request for "http://localhost:9099/eureka/apps/": Connect to http://localhost:9099 [localhost/127.0.0.1, localhost/0:0:0:0:0:0:0:1] failed: Connection refused
	at org.springframework.web.client.RestTemplate.createResourceAccessException(RestTemplate.java:926)
	at org.springframework.web.client.RestTemplate.doExecute(RestTemplate.java:906)
	at org.springframework.web.client.RestTemplate.execute(RestTemplate.java:841)
	at org.springframework.web.client.RestTemplate.exchange(RestTemplate.java:702)
	at org.springframework.cloud.netflix.eureka.http.RestTemplateEurekaHttpClient.getApplicationsInternal(RestTemplateEurekaHttpClient.java:174)
	at org.springframework.cloud.netflix.eureka.http.RestTemplateEurekaHttpClient.getApplications(RestTemplateEurekaHttpClient.java:162)
	at com.netflix.discovery.shared.transport.decorator.EurekaHttpClientDecorator$6.execute(EurekaHttpClientDecorator.java:137)
	at com.netflix.discovery.shared.transport.decorator.RedirectingEurekaHttpClient.executeOnNewServer(RedirectingEurekaHttpClient.java:121)
	at com.netflix.discovery.shared.transport.decorator.RedirectingEurekaHttpClient.execute(RedirectingEurekaHttpClient.java:80)
	at com.netflix.discovery.shared.transport.decorator.EurekaHttpClientDecorator.getApplications(EurekaHttpClientDecorator.java:134)
	at com.netflix.discovery.shared.transport.decorator.EurekaHttpClientDecorator$6.execute(EurekaHttpClientDecorator.java:137)
	at com.netflix.discovery.shared.transport.decorator.RetryableEurekaHttpClient.execute(RetryableEurekaHttpClient.java:120)
	at com.netflix.discovery.shared.transport.decorator.EurekaHttpClientDecorator.getApplications(EurekaHttpClientDecorator.java:134)
	at com.netflix.discovery.shared.transport.decorator.EurekaHttpClientDecorator$6.execute(EurekaHttpClientDecorator.java:137)
	at com.netflix.discovery.shared.transport.decorator.SessionedEurekaHttpClient.execute(SessionedEurekaHttpClient.java:76)
	at com.netflix.discovery.shared.transport.decorator.EurekaHttpClientDecorator.getApplications(EurekaHttpClientDecorator.java:134)
	at com.netflix.discovery.DiscoveryClient.getAndStoreFullRegistry(DiscoveryClient.java:1046)
	at com.netflix.discovery.DiscoveryClient.fetchRegistry(DiscoveryClient.java:961)
	at com.netflix.discovery.DiscoveryClient.<init>(DiscoveryClient.java:410)
	at com.netflix.discovery.DiscoveryClient.<init>(DiscoveryClient.java:245)
	at com.netflix.discovery.DiscoveryClient.<init>(DiscoveryClient.java:240)
	at org.springframework.cloud.netflix.eureka.CloudEurekaClient.<init>(CloudEurekaClient.java:68)
	at org.springframework.cloud.netflix.eureka.EurekaClientAutoConfiguration$RefreshableEurekaClientConfiguration.eurekaClient(EurekaClientAutoConfiguration.java:324)
	at java.base/jdk.internal.reflect.DirectMethodHandleAccessor.invoke(DirectMethodHandleAccessor.java:103)
	at java.base/java.lang.reflect.Method.invoke(Method.java:580)
	at org.springframework.beans.factory.support.SimpleInstantiationStrategy.lambda$instantiate$0(SimpleInstantiationStrategy.java:172)
	at org.springframework.beans.factory.support.SimpleInstantiationStrategy.instantiateWithFactoryMethod(SimpleInstantiationStrategy.java:89)
	at org.springframework.beans.factory.support.SimpleInstantiationStrategy.instantiate(SimpleInstantiationStrategy.java:169)
	at org.springframework.beans.factory.support.ConstructorResolver.instantiate(ConstructorResolver.java:653)
	at org.springframework.beans.factory.support.ConstructorResolver.instantiateUsingFactoryMethod(ConstructorResolver.java:645)
	at org.springframework.beans.factory.support.AbstractAutowireCapableBeanFactory.instantiateUsingFactoryMethod(AbstractAutowireCapableBeanFactory.java:1375)
	at org.springframework.beans.factory.support.AbstractAutowireCapableBeanFactory.createBeanInstance(AbstractAutowireCapableBeanFactory.java:1205)
	at org.springframework.beans.factory.support.AbstractAutowireCapableBeanFactory.doCreateBean(AbstractAutowireCapableBeanFactory.java:569)
	at org.springframework.beans.factory.support.AbstractAutowireCapableBeanFactory.createBean(AbstractAutowireCapableBeanFactory.java:529)
	at org.springframework.beans.factory.support.AbstractBeanFactory.lambda$doGetBean$1(AbstractBeanFactory.java:378)
	at org.springframework.cloud.context.scope.GenericScope$BeanLifecycleWrapper.getBean(GenericScope.java:373)
	at org.springframework.cloud.context.scope.GenericScope.get(GenericScope.java:177)
	at org.springframework.beans.factory.support.AbstractBeanFactory.doGetBean(AbstractBeanFactory.java:375)
	at org.springframework.beans.factory.support.AbstractBeanFactory.getBean(AbstractBeanFactory.java:202)
	at org.springframework.aop.target.SimpleBeanTargetSource.getTarget(SimpleBeanTargetSource.java:35)
	at org.springframework.cloud.netflix.eureka.serviceregistry.EurekaRegistration.getTargetObject(EurekaRegistration.java:128)
	at org.springframework.cloud.netflix.eureka.serviceregistry.EurekaRegistration.getEurekaClient(EurekaRegistration.java:116)
	at java.base/jdk.internal.reflect.DirectMethodHandleAccessor.invoke(DirectMethodHandleAccessor.java:103)
	at java.base/java.lang.reflect.Method.invoke(Method.java:580)
	at org.springframework.util.ReflectionUtils.invokeMethod(ReflectionUtils.java:281)
	at org.springframework.cloud.context.scope.GenericScope$LockedScopedProxyFactoryBean.invoke(GenericScope.java:480)
	at org.springframework.aop.framework.ReflectiveMethodInvocation.proceed(ReflectiveMethodInvocation.java:184)
	at org.springframework.aop.framework.CglibAopProxy$DynamicAdvisedInterceptor.intercept(CglibAopProxy.java:728)
	at org.springframework.cloud.netflix.eureka.serviceregistry.EurekaRegistration$$SpringCGLIB$$0.getEurekaClient(<generated>)
	at org.springframework.cloud.netflix.eureka.serviceregistry.EurekaServiceRegistry.maybeInitializeClient(EurekaServiceRegistry.java:83)
	at org.springframework.cloud.netflix.eureka.serviceregistry.EurekaServiceRegistry.register(EurekaServiceRegistry.java:66)
	at org.springframework.cloud.netflix.eureka.serviceregistry.EurekaAutoServiceRegistration.start(EurekaAutoServiceRegistration.java:89)
	at org.springframework.context.support.DefaultLifecycleProcessor.doStart(DefaultLifecycleProcessor.java:405)
	at org.springframework.context.support.DefaultLifecycleProcessor.doStart(DefaultLifecycleProcessor.java:394)
	at org.springframework.context.support.DefaultLifecycleProcessor$LifecycleGroup.start(DefaultLifecycleProcessor.java:586)
	at java.base/java.lang.Iterable.forEach(Iterable.java:75)
	at org.springframework.context.support.DefaultLifecycleProcessor.startBeans(DefaultLifecycleProcessor.java:364)
	at org.springframework.context.support.DefaultLifecycleProcessor.onRefresh(DefaultLifecycleProcessor.java:310)
	at org.springframework.context.support.AbstractApplicationContext.finishRefresh(AbstractApplicationContext.java:1006)
	at org.springframework.context.support.AbstractApplicationContext.refresh(AbstractApplicationContext.java:630)
	at org.springframework.boot.web.servlet.context.ServletWebServerApplicationContext.refresh(ServletWebServerApplicationContext.java:146)
	at org.springframework.boot.SpringApplication.refresh(SpringApplication.java:752)
	at org.springframework.boot.SpringApplication.refreshContext(SpringApplication.java:439)
	at org.springframework.boot.SpringApplication.run(SpringApplication.java:318)
	at org.springframework.boot.SpringApplication.run(SpringApplication.java:1361)
	at org.springframework.boot.SpringApplication.run(SpringApplication.java:1350)
	at huydv.jmaster.AuthService.AuthServiceApplication.main(AuthServiceApplication.java:22)
	at java.base/jdk.internal.reflect.DirectMethodHandleAccessor.invoke(DirectMethodHandleAccessor.java:103)
	at java.base/java.lang.reflect.Method.invoke(Method.java:580)
	at org.springframework.boot.devtools.restart.RestartLauncher.run(RestartLauncher.java:50)
Caused by: org.apache.hc.client5.http.HttpHostConnectException: Connect to http://localhost:9099 [localhost/127.0.0.1, localhost/0:0:0:0:0:0:0:1] failed: Connection refused
	at java.base/sun.nio.ch.Net.pollConnect(Native Method)
	at java.base/sun.nio.ch.Net.pollConnectNow(Net.java:682)
	at java.base/sun.nio.ch.NioSocketImpl.timedFinishConnect(NioSocketImpl.java:549)
	at java.base/sun.nio.ch.NioSocketImpl.connect(NioSocketImpl.java:592)
	at java.base/java.net.SocksSocketImpl.connect(SocksSocketImpl.java:327)
	at java.base/java.net.Socket.connect(Socket.java:760)
	at org.apache.hc.client5.http.impl.io.DefaultHttpClientConnectionOperator.connect(DefaultHttpClientConnectionOperator.java:216)
	at org.apache.hc.client5.http.impl.io.PoolingHttpClientConnectionManager.connect(PoolingHttpClientConnectionManager.java:490)
	at org.apache.hc.client5.http.impl.classic.InternalExecRuntime.connectEndpoint(InternalExecRuntime.java:164)
	at org.apache.hc.client5.http.impl.classic.InternalExecRuntime.connectEndpoint(InternalExecRuntime.java:174)
	at org.apache.hc.client5.http.impl.classic.ConnectExec.execute(ConnectExec.java:144)
	at org.apache.hc.client5.http.impl.classic.ExecChainElement.execute(ExecChainElement.java:51)
	at org.apache.hc.client5.http.impl.classic.ProtocolExec.execute(ProtocolExec.java:192)
	at org.apache.hc.client5.http.impl.classic.ExecChainElement.execute(ExecChainElement.java:51)
	at org.apache.hc.client5.http.impl.classic.ContentCompressionExec.execute(ContentCompressionExec.java:150)
	at org.apache.hc.client5.http.impl.classic.ExecChainElement.execute(ExecChainElement.java:51)
	at org.apache.hc.client5.http.impl.classic.HttpRequestRetryExec.execute(HttpRequestRetryExec.java:113)
	at org.apache.hc.client5.http.impl.classic.ExecChainElement.execute(ExecChainElement.java:51)
	at org.apache.hc.client5.http.impl.classic.RedirectExec.execute(RedirectExec.java:110)
	at org.apache.hc.client5.http.impl.classic.ExecChainElement.execute(ExecChainElement.java:51)
	at org.apache.hc.client5.http.impl.classic.InternalHttpClient.doExecute(InternalHttpClient.java:183)
	at org.apache.hc.client5.http.impl.classic.CloseableHttpClient.execute(CloseableHttpClient.java:87)
	at org.apache.hc.client5.http.impl.classic.CloseableHttpClient.execute(CloseableHttpClient.java:55)
	at org.apache.hc.client5.http.classic.HttpClient.executeOpen(HttpClient.java:183)
	at org.springframework.http.client.HttpComponentsClientHttpRequest.executeInternal(HttpComponentsClientHttpRequest.java:99)
	at org.springframework.http.client.AbstractStreamingClientHttpRequest.executeInternal(AbstractStreamingClientHttpRequest.java:71)
	at org.springframework.http.client.AbstractClientHttpRequest.execute(AbstractClientHttpRequest.java:81)
	at org.springframework.http.client.InterceptingClientHttpRequest$InterceptingRequestExecution.execute(InterceptingClientHttpRequest.java:117)
	at org.springframework.cloud.netflix.eureka.http.RestTemplateTransportClientFactory.lambda$restTemplate$2(RestTemplateTransportClientFactory.java:145)
	at org.springframework.http.client.InterceptingClientHttpRequest$InterceptingRequestExecution.execute(InterceptingClientHttpRequest.java:88)
	at org.springframework.http.client.InterceptingClientHttpRequest.executeInternal(InterceptingClientHttpRequest.java:72)
	at org.springframework.http.client.AbstractBufferingClientHttpRequest.executeInternal(AbstractBufferingClientHttpRequest.java:48)
	at org.springframework.http.client.AbstractClientHttpRequest.execute(AbstractClientHttpRequest.java:81)
	at org.springframework.web.client.RestTemplate.doExecute(RestTemplate.java:900)
	... 68 more

2025-09-04T16:36:31.376+07:00  WARN 40798 --- [auth-service] [restartedMain] [auth-service,,]c.n.d.s.t.d.RetryableEurekaHttpClient    : Request execution failed with message: I/O error on GET request for "http://localhost:9099/eureka/apps/": Connect to http://localhost:9099 [localhost/127.0.0.1, localhost/0:0:0:0:0:0:0:1] failed: Connection refused
2025-09-04T16:36:31.376+07:00  INFO 40798 --- [auth-service] [restartedMain] [auth-service,,]com.netflix.discovery.DiscoveryClient    : DiscoveryClient_AUTH-SERVICE/172.16.113.88:auth-service:9008 - was unable to refresh its cache! This periodic background refresh will be retried in 30 seconds. status = Cannot execute request on any known server stacktrace = com.netflix.discovery.shared.transport.TransportException: Cannot execute request on any known server
	at com.netflix.discovery.shared.transport.decorator.RetryableEurekaHttpClient.execute(RetryableEurekaHttpClient.java:112)
	at com.netflix.discovery.shared.transport.decorator.EurekaHttpClientDecorator.getApplications(EurekaHttpClientDecorator.java:134)
	at com.netflix.discovery.shared.transport.decorator.EurekaHttpClientDecorator$6.execute(EurekaHttpClientDecorator.java:137)
	at com.netflix.discovery.shared.transport.decorator.SessionedEurekaHttpClient.execute(SessionedEurekaHttpClient.java:76)
	at com.netflix.discovery.shared.transport.decorator.EurekaHttpClientDecorator.getApplications(EurekaHttpClientDecorator.java:134)
	at com.netflix.discovery.DiscoveryClient.getAndStoreFullRegistry(DiscoveryClient.java:1046)
	at com.netflix.discovery.DiscoveryClient.fetchRegistry(DiscoveryClient.java:961)
	at com.netflix.discovery.DiscoveryClient.<init>(DiscoveryClient.java:410)
	at com.netflix.discovery.DiscoveryClient.<init>(DiscoveryClient.java:245)
	at com.netflix.discovery.DiscoveryClient.<init>(DiscoveryClient.java:240)
	at org.springframework.cloud.netflix.eureka.CloudEurekaClient.<init>(CloudEurekaClient.java:68)
	at org.springframework.cloud.netflix.eureka.EurekaClientAutoConfiguration$RefreshableEurekaClientConfiguration.eurekaClient(EurekaClientAutoConfiguration.java:324)
	at java.base/jdk.internal.reflect.DirectMethodHandleAccessor.invoke(DirectMethodHandleAccessor.java:103)
	at java.base/java.lang.reflect.Method.invoke(Method.java:580)
	at org.springframework.beans.factory.support.SimpleInstantiationStrategy.lambda$instantiate$0(SimpleInstantiationStrategy.java:172)
	at org.springframework.beans.factory.support.SimpleInstantiationStrategy.instantiateWithFactoryMethod(SimpleInstantiationStrategy.java:89)
	at org.springframework.beans.factory.support.SimpleInstantiationStrategy.instantiate(SimpleInstantiationStrategy.java:169)
	at org.springframework.beans.factory.support.ConstructorResolver.instantiate(ConstructorResolver.java:653)
	at org.springframework.beans.factory.support.ConstructorResolver.instantiateUsingFactoryMethod(ConstructorResolver.java:645)
	at org.springframework.beans.factory.support.AbstractAutowireCapableBeanFactory.instantiateUsingFactoryMethod(AbstractAutowireCapableBeanFactory.java:1375)
	at org.springframework.beans.factory.support.AbstractAutowireCapableBeanFactory.createBeanInstance(AbstractAutowireCapableBeanFactory.java:1205)
	at org.springframework.beans.factory.support.AbstractAutowireCapableBeanFactory.doCreateBean(AbstractAutowireCapableBeanFactory.java:569)
	at org.springframework.beans.factory.support.AbstractAutowireCapableBeanFactory.createBean(AbstractAutowireCapableBeanFactory.java:529)
	at org.springframework.beans.factory.support.AbstractBeanFactory.lambda$doGetBean$1(AbstractBeanFactory.java:378)
	at org.springframework.cloud.context.scope.GenericScope$BeanLifecycleWrapper.getBean(GenericScope.java:373)
	at org.springframework.cloud.context.scope.GenericScope.get(GenericScope.java:177)
	at org.springframework.beans.factory.support.AbstractBeanFactory.doGetBean(AbstractBeanFactory.java:375)
	at org.springframework.beans.factory.support.AbstractBeanFactory.getBean(AbstractBeanFactory.java:202)
	at org.springframework.aop.target.SimpleBeanTargetSource.getTarget(SimpleBeanTargetSource.java:35)
	at org.springframework.cloud.netflix.eureka.serviceregistry.EurekaRegistration.getTargetObject(EurekaRegistration.java:128)
	at org.springframework.cloud.netflix.eureka.serviceregistry.EurekaRegistration.getEurekaClient(EurekaRegistration.java:116)
	at java.base/jdk.internal.reflect.DirectMethodHandleAccessor.invoke(DirectMethodHandleAccessor.java:103)
	at java.base/java.lang.reflect.Method.invoke(Method.java:580)
	at org.springframework.util.ReflectionUtils.invokeMethod(ReflectionUtils.java:281)
	at org.springframework.cloud.context.scope.GenericScope$LockedScopedProxyFactoryBean.invoke(GenericScope.java:480)
	at org.springframework.aop.framework.ReflectiveMethodInvocation.proceed(ReflectiveMethodInvocation.java:184)
	at org.springframework.aop.framework.CglibAopProxy$DynamicAdvisedInterceptor.intercept(CglibAopProxy.java:728)
	at org.springframework.cloud.netflix.eureka.serviceregistry.EurekaRegistration$$SpringCGLIB$$0.getEurekaClient(<generated>)
	at org.springframework.cloud.netflix.eureka.serviceregistry.EurekaServiceRegistry.maybeInitializeClient(EurekaServiceRegistry.java:83)
	at org.springframework.cloud.netflix.eureka.serviceregistry.EurekaServiceRegistry.register(EurekaServiceRegistry.java:66)
	at org.springframework.cloud.netflix.eureka.serviceregistry.EurekaAutoServiceRegistration.start(EurekaAutoServiceRegistration.java:89)
	at org.springframework.context.support.DefaultLifecycleProcessor.doStart(DefaultLifecycleProcessor.java:405)
	at org.springframework.context.support.DefaultLifecycleProcessor.doStart(DefaultLifecycleProcessor.java:394)
	at org.springframework.context.support.DefaultLifecycleProcessor$LifecycleGroup.start(DefaultLifecycleProcessor.java:586)
	at java.base/java.lang.Iterable.forEach(Iterable.java:75)
	at org.springframework.context.support.DefaultLifecycleProcessor.startBeans(DefaultLifecycleProcessor.java:364)
	at org.springframework.context.support.DefaultLifecycleProcessor.onRefresh(DefaultLifecycleProcessor.java:310)
	at org.springframework.context.support.AbstractApplicationContext.finishRefresh(AbstractApplicationContext.java:1006)
	at org.springframework.context.support.AbstractApplicationContext.refresh(AbstractApplicationContext.java:630)
	at org.springframework.boot.web.servlet.context.ServletWebServerApplicationContext.refresh(ServletWebServerApplicationContext.java:146)
	at org.springframework.boot.SpringApplication.refresh(SpringApplication.java:752)
	at org.springframework.boot.SpringApplication.refreshContext(SpringApplication.java:439)
	at org.springframework.boot.SpringApplication.run(SpringApplication.java:318)
	at org.springframework.boot.SpringApplication.run(SpringApplication.java:1361)
	at org.springframework.boot.SpringApplication.run(SpringApplication.java:1350)
	at huydv.jmaster.AuthService.AuthServiceApplication.main(AuthServiceApplication.java:22)
	at java.base/jdk.internal.reflect.DirectMethodHandleAccessor.invoke(DirectMethodHandleAccessor.java:103)
	at java.base/java.lang.reflect.Method.invoke(Method.java:580)
	at org.springframework.boot.devtools.restart.RestartLauncher.run(RestartLauncher.java:50)

2025-09-04T16:36:31.376+07:00  INFO 40798 --- [auth-service] [restartedMain] [auth-service,,]com.netflix.discovery.DiscoveryClient    : Initial registry fetch from primary servers failed
2025-09-04T16:36:31.376+07:00  WARN 40798 --- [auth-service] [restartedMain] [auth-service,,]com.netflix.discovery.DiscoveryClient    : Using default backup registry implementation which does not do anything.
2025-09-04T16:36:31.376+07:00  INFO 40798 --- [auth-service] [restartedMain] [auth-service,,]com.netflix.discovery.DiscoveryClient    : Initial registry fetch from backup servers failed
2025-09-04T16:36:31.376+07:00  INFO 40798 --- [auth-service] [restartedMain] [auth-service,,]com.netflix.discovery.DiscoveryClient    : Starting heartbeat executor: renew interval is: 30
2025-09-04T16:36:31.377+07:00  INFO 40798 --- [auth-service] [restartedMain] [auth-service,,]c.n.discovery.InstanceInfoReplicator     : InstanceInfoReplicator onDemand update allowed rate per min is 4
2025-09-04T16:36:31.377+07:00  INFO 40798 --- [auth-service] [restartedMain] [auth-service,,]com.netflix.discovery.DiscoveryClient    : Discovery Client initialized at timestamp 1756978591377 with initial instances count: 0
2025-09-04T16:36:31.380+07:00  INFO 40798 --- [auth-service] [restartedMain] [auth-service,,]o.s.c.n.e.s.EurekaServiceRegistry        : Registering application AUTH-SERVICE with eureka with status UP
2025-09-04T16:36:31.380+07:00  INFO 40798 --- [auth-service] [restartedMain] [auth-service,,]com.netflix.discovery.DiscoveryClient    : Saw local status change event StatusChangeEvent [timestamp=1756978591380, current=UP, previous=STARTING]
2025-09-04T16:36:31.381+07:00  INFO 40798 --- [auth-service] [DiscoveryClient-InstanceInfoReplicator-%d] [auth-service,,]com.netflix.discovery.DiscoveryClient    : DiscoveryClient_AUTH-SERVICE/172.16.113.88:auth-service:9008: registering service...
2025-09-04T16:36:31.388+07:00  INFO 40798 --- [auth-service] [restartedMain] [auth-service,,]o.s.b.w.embedded.tomcat.TomcatWebServer  : Tomcat started on port 9008 (http) with context path '/'
2025-09-04T16:36:31.388+07:00  INFO 40798 --- [auth-service] [restartedMain] [auth-service,,].s.c.n.e.s.EurekaAutoServiceRegistration : Updating port to 9008
2025-09-04T16:36:31.388+07:00  INFO 40798 --- [auth-service] [DiscoveryClient-InstanceInfoReplicator-%d] [auth-service,,]c.n.d.s.t.d.RedirectingEurekaHttpClient  : Request execution error. endpoint=DefaultEndpoint{ serviceUrl='http://localhost:9099/eureka/}, exception=I/O error on POST request for "http://localhost:9099/eureka/apps/AUTH-SERVICE": Connect to http://localhost:9099 [localhost/127.0.0.1, localhost/0:0:0:0:0:0:0:1] failed: Connection refused stacktrace=org.springframework.web.client.ResourceAccessException: I/O error on POST request for "http://localhost:9099/eureka/apps/AUTH-SERVICE": Connect to http://localhost:9099 [localhost/127.0.0.1, localhost/0:0:0:0:0:0:0:1] failed: Connection refused
	at org.springframework.web.client.RestTemplate.createResourceAccessException(RestTemplate.java:926)
	at org.springframework.web.client.RestTemplate.doExecute(RestTemplate.java:906)
	at org.springframework.web.client.RestTemplate.execute(RestTemplate.java:841)
	at org.springframework.web.client.RestTemplate.exchange(RestTemplate.java:702)
	at org.springframework.cloud.netflix.eureka.http.RestTemplateEurekaHttpClient.register(RestTemplateEurekaHttpClient.java:87)
	at com.netflix.discovery.shared.transport.decorator.EurekaHttpClientDecorator$1.execute(EurekaHttpClientDecorator.java:59)
	at com.netflix.discovery.shared.transport.decorator.RedirectingEurekaHttpClient.executeOnNewServer(RedirectingEurekaHttpClient.java:121)
	at com.netflix.discovery.shared.transport.decorator.RedirectingEurekaHttpClient.execute(RedirectingEurekaHttpClient.java:80)
	at com.netflix.discovery.shared.transport.decorator.EurekaHttpClientDecorator.register(EurekaHttpClientDecorator.java:56)
	at com.netflix.discovery.shared.transport.decorator.EurekaHttpClientDecorator$1.execute(EurekaHttpClientDecorator.java:59)
	at com.netflix.discovery.shared.transport.decorator.RetryableEurekaHttpClient.execute(RetryableEurekaHttpClient.java:120)
	at com.netflix.discovery.shared.transport.decorator.EurekaHttpClientDecorator.register(EurekaHttpClientDecorator.java:56)
	at com.netflix.discovery.shared.transport.decorator.EurekaHttpClientDecorator$1.execute(EurekaHttpClientDecorator.java:59)
	at com.netflix.discovery.shared.transport.decorator.SessionedEurekaHttpClient.execute(SessionedEurekaHttpClient.java:76)
	at com.netflix.discovery.shared.transport.decorator.EurekaHttpClientDecorator.register(EurekaHttpClientDecorator.java:56)
	at com.netflix.discovery.DiscoveryClient.register(DiscoveryClient.java:828)
	at com.netflix.discovery.InstanceInfoReplicator.run(InstanceInfoReplicator.java:125)
	at com.netflix.discovery.InstanceInfoReplicator$2.run(InstanceInfoReplicator.java:105)
	at java.base/java.util.concurrent.Executors$RunnableAdapter.call(Executors.java:572)
	at java.base/java.util.concurrent.FutureTask.run(FutureTask.java:317)
	at java.base/java.util.concurrent.ScheduledThreadPoolExecutor$ScheduledFutureTask.run(ScheduledThreadPoolExecutor.java:304)
	at java.base/java.util.concurrent.ThreadPoolExecutor.runWorker(ThreadPoolExecutor.java:1144)
	at java.base/java.util.concurrent.ThreadPoolExecutor$Worker.run(ThreadPoolExecutor.java:642)
	at java.base/java.lang.Thread.run(Thread.java:1575)
Caused by: org.apache.hc.client5.http.HttpHostConnectException: Connect to http://localhost:9099 [localhost/127.0.0.1, localhost/0:0:0:0:0:0:0:1] failed: Connection refused
	at java.base/sun.nio.ch.Net.pollConnect(Native Method)
	at java.base/sun.nio.ch.Net.pollConnectNow(Net.java:682)
	at java.base/sun.nio.ch.NioSocketImpl.timedFinishConnect(NioSocketImpl.java:549)
	at java.base/sun.nio.ch.NioSocketImpl.connect(NioSocketImpl.java:592)
	at java.base/java.net.SocksSocketImpl.connect(SocksSocketImpl.java:327)
	at java.base/java.net.Socket.connect(Socket.java:760)
	at org.apache.hc.client5.http.impl.io.DefaultHttpClientConnectionOperator.connect(DefaultHttpClientConnectionOperator.java:216)
	at org.apache.hc.client5.http.impl.io.PoolingHttpClientConnectionManager.connect(PoolingHttpClientConnectionManager.java:490)
	at org.apache.hc.client5.http.impl.classic.InternalExecRuntime.connectEndpoint(InternalExecRuntime.java:164)
	at org.apache.hc.client5.http.impl.classic.InternalExecRuntime.connectEndpoint(InternalExecRuntime.java:174)
	at org.apache.hc.client5.http.impl.classic.ConnectExec.execute(ConnectExec.java:144)
	at org.apache.hc.client5.http.impl.classic.ExecChainElement.execute(ExecChainElement.java:51)
	at org.apache.hc.client5.http.impl.classic.ProtocolExec.execute(ProtocolExec.java:192)
	at org.apache.hc.client5.http.impl.classic.ExecChainElement.execute(ExecChainElement.java:51)
	at org.apache.hc.client5.http.impl.classic.ContentCompressionExec.execute(ContentCompressionExec.java:150)
	at org.apache.hc.client5.http.impl.classic.ExecChainElement.execute(ExecChainElement.java:51)
	at org.apache.hc.client5.http.impl.classic.HttpRequestRetryExec.execute(HttpRequestRetryExec.java:113)
	at org.apache.hc.client5.http.impl.classic.ExecChainElement.execute(ExecChainElement.java:51)
	at org.apache.hc.client5.http.impl.classic.RedirectExec.execute(RedirectExec.java:110)
	at org.apache.hc.client5.http.impl.classic.ExecChainElement.execute(ExecChainElement.java:51)
	at org.apache.hc.client5.http.impl.classic.InternalHttpClient.doExecute(InternalHttpClient.java:183)
	at org.apache.hc.client5.http.impl.classic.CloseableHttpClient.execute(CloseableHttpClient.java:87)
	at org.apache.hc.client5.http.impl.classic.CloseableHttpClient.execute(CloseableHttpClient.java:55)
	at org.apache.hc.client5.http.classic.HttpClient.executeOpen(HttpClient.java:183)
	at org.springframework.http.client.HttpComponentsClientHttpRequest.executeInternal(HttpComponentsClientHttpRequest.java:99)
	at org.springframework.http.client.AbstractStreamingClientHttpRequest.executeInternal(AbstractStreamingClientHttpRequest.java:71)
	at org.springframework.http.client.AbstractClientHttpRequest.execute(AbstractClientHttpRequest.java:81)
	at org.springframework.http.client.InterceptingClientHttpRequest$InterceptingRequestExecution.execute(InterceptingClientHttpRequest.java:117)
	at org.springframework.cloud.netflix.eureka.http.RestTemplateTransportClientFactory.lambda$restTemplate$2(RestTemplateTransportClientFactory.java:145)
	at org.springframework.http.client.InterceptingClientHttpRequest$InterceptingRequestExecution.execute(InterceptingClientHttpRequest.java:88)
	at org.springframework.http.client.InterceptingClientHttpRequest.executeInternal(InterceptingClientHttpRequest.java:72)
	at org.springframework.http.client.AbstractBufferingClientHttpRequest.executeInternal(AbstractBufferingClientHttpRequest.java:48)
	at org.springframework.http.client.AbstractClientHttpRequest.execute(AbstractClientHttpRequest.java:81)
	at org.springframework.web.client.RestTemplate.doExecute(RestTemplate.java:900)
	... 22 more

2025-09-04T16:36:31.388+07:00  WARN 40798 --- [auth-service] [DiscoveryClient-InstanceInfoReplicator-%d] [auth-service,,]c.n.d.s.t.d.RetryableEurekaHttpClient    : Request execution failed with message: I/O error on POST request for "http://localhost:9099/eureka/apps/AUTH-SERVICE": Connect to http://localhost:9099 [localhost/127.0.0.1, localhost/0:0:0:0:0:0:0:1] failed: Connection refused
2025-09-04T16:36:31.388+07:00  WARN 40798 --- [auth-service] [DiscoveryClient-InstanceInfoReplicator-%d] [auth-service,,]com.netflix.discovery.DiscoveryClient    : DiscoveryClient_AUTH-SERVICE/172.16.113.88:auth-service:9008 - registration failed Cannot execute request on any known server

com.netflix.discovery.shared.transport.TransportException: Cannot execute request on any known server
	at com.netflix.discovery.shared.transport.decorator.RetryableEurekaHttpClient.execute(RetryableEurekaHttpClient.java:112) ~[eureka-client-2.0.5.jar:2.0.5]
	at com.netflix.discovery.shared.transport.decorator.EurekaHttpClientDecorator.register(EurekaHttpClientDecorator.java:56) ~[eureka-client-2.0.5.jar:2.0.5]
	at com.netflix.discovery.shared.transport.decorator.EurekaHttpClientDecorator$1.execute(EurekaHttpClientDecorator.java:59) ~[eureka-client-2.0.5.jar:2.0.5]
	at com.netflix.discovery.shared.transport.decorator.SessionedEurekaHttpClient.execute(SessionedEurekaHttpClient.java:76) ~[eureka-client-2.0.5.jar:2.0.5]
	at com.netflix.discovery.shared.transport.decorator.EurekaHttpClientDecorator.register(EurekaHttpClientDecorator.java:56) ~[eureka-client-2.0.5.jar:2.0.5]
	at com.netflix.discovery.DiscoveryClient.register(DiscoveryClient.java:828) ~[eureka-client-2.0.5.jar:2.0.5]
	at com.netflix.discovery.InstanceInfoReplicator.run(InstanceInfoReplicator.java:125) ~[eureka-client-2.0.5.jar:2.0.5]
	at com.netflix.discovery.InstanceInfoReplicator$2.run(InstanceInfoReplicator.java:105) ~[eureka-client-2.0.5.jar:2.0.5]
	at java.base/java.util.concurrent.Executors$RunnableAdapter.call(Executors.java:572) ~[na:na]
	at java.base/java.util.concurrent.FutureTask.run(FutureTask.java:317) ~[na:na]
	at java.base/java.util.concurrent.ScheduledThreadPoolExecutor$ScheduledFutureTask.run(ScheduledThreadPoolExecutor.java:304) ~[na:na]
	at java.base/java.util.concurrent.ThreadPoolExecutor.runWorker(ThreadPoolExecutor.java:1144) ~[na:na]
	at java.base/java.util.concurrent.ThreadPoolExecutor$Worker.run(ThreadPoolExecutor.java:642) ~[na:na]
	at java.base/java.lang.Thread.run(Thread.java:1575) ~[na:na]

2025-09-04T16:36:31.390+07:00  WARN 40798 --- [auth-service] [DiscoveryClient-InstanceInfoReplicator-%d] [auth-service,,]c.n.discovery.InstanceInfoReplicator     : There was a problem with the instance info replicator

com.netflix.discovery.shared.transport.TransportException: Cannot execute request on any known server
	at com.netflix.discovery.shared.transport.decorator.RetryableEurekaHttpClient.execute(RetryableEurekaHttpClient.java:112) ~[eureka-client-2.0.5.jar:2.0.5]
	at com.netflix.discovery.shared.transport.decorator.EurekaHttpClientDecorator.register(EurekaHttpClientDecorator.java:56) ~[eureka-client-2.0.5.jar:2.0.5]
	at com.netflix.discovery.shared.transport.decorator.EurekaHttpClientDecorator$1.execute(EurekaHttpClientDecorator.java:59) ~[eureka-client-2.0.5.jar:2.0.5]
	at com.netflix.discovery.shared.transport.decorator.SessionedEurekaHttpClient.execute(SessionedEurekaHttpClient.java:76) ~[eureka-client-2.0.5.jar:2.0.5]
	at com.netflix.discovery.shared.transport.decorator.EurekaHttpClientDecorator.register(EurekaHttpClientDecorator.java:56) ~[eureka-client-2.0.5.jar:2.0.5]
	at com.netflix.discovery.DiscoveryClient.register(DiscoveryClient.java:828) ~[eureka-client-2.0.5.jar:2.0.5]
	at com.netflix.discovery.InstanceInfoReplicator.run(InstanceInfoReplicator.java:125) ~[eureka-client-2.0.5.jar:2.0.5]
	at com.netflix.discovery.InstanceInfoReplicator$2.run(InstanceInfoReplicator.java:105) ~[eureka-client-2.0.5.jar:2.0.5]
	at java.base/java.util.concurrent.Executors$RunnableAdapter.call(Executors.java:572) ~[na:na]
	at java.base/java.util.concurrent.FutureTask.run(FutureTask.java:317) ~[na:na]
	at java.base/java.util.concurrent.ScheduledThreadPoolExecutor$ScheduledFutureTask.run(ScheduledThreadPoolExecutor.java:304) ~[na:na]
	at java.base/java.util.concurrent.ThreadPoolExecutor.runWorker(ThreadPoolExecutor.java:1144) ~[na:na]
	at java.base/java.util.concurrent.ThreadPoolExecutor$Worker.run(ThreadPoolExecutor.java:642) ~[na:na]
	at java.base/java.lang.Thread.run(Thread.java:1575) ~[na:na]

2025-09-04T16:36:31.397+07:00  INFO 40798 --- [auth-service] [restartedMain] [auth-service,,]h.j.AuthService.AuthServiceApplication   : Started AuthServiceApplication in 3.207 seconds (process running for 3.598)
2025-09-04T16:36:31.399+07:00  INFO 40798 --- [auth-service] [restartedMain] [auth-service,,]h.j.AuthService.AuthServiceApplication   : 
----------------------------------------------------------
	Application 'auth-service' is running! Access URLs:
	Local: 		http://localhost:9008/
	External: 	http://127.0.0.1:9008/
	Profile(s): 	[]
----------------------------------------------------------
2025-09-04T16:36:31.400+07:00  INFO 40796 --- [client-register-service] [main] [client-register-service,,]DiscoveryClientOptionalArgsConfiguration : Eureka HTTP Client uses RestTemplate.
2025-09-04T16:36:31.438+07:00  WARN 40796 --- [client-register-service] [main] [client-register-service,,]iguration$LoadBalancerCaffeineWarnLogger : Spring Cloud LoadBalancer is currently working with the default cache. While this cache implementation is useful for development and tests, it's recommended to use Caffeine cache in production.You can switch to using Caffeine cache, by adding it and org.springframework.cache.caffeine.CaffeineCacheManager to the classpath.
2025-09-04T16:36:31.518+07:00  INFO 40796 --- [client-register-service] [main] [client-register-service,,]o.s.c.n.eureka.InstanceInfoFactory       : Setting initial instance status as: STARTING
2025-09-04T16:36:31.531+07:00  INFO 40796 --- [client-register-service] [main] [client-register-service,,]com.netflix.discovery.DiscoveryClient    : Initializing Eureka in region us-east-1
2025-09-04T16:36:31.532+07:00  INFO 40796 --- [client-register-service] [main] [client-register-service,,]c.n.d.s.r.aws.ConfigClusterResolver      : Resolving eureka endpoints via configuration
2025-09-04T16:36:31.537+07:00  INFO 40796 --- [client-register-service] [main] [client-register-service,,]com.netflix.discovery.DiscoveryClient    : Disable delta property : false
2025-09-04T16:36:31.537+07:00  INFO 40796 --- [client-register-service] [main] [client-register-service,,]com.netflix.discovery.DiscoveryClient    : Single vip registry refresh property : null
2025-09-04T16:36:31.537+07:00  INFO 40796 --- [client-register-service] [main] [client-register-service,,]com.netflix.discovery.DiscoveryClient    : Force full registry fetch : false
2025-09-04T16:36:31.537+07:00  INFO 40796 --- [client-register-service] [main] [client-register-service,,]com.netflix.discovery.DiscoveryClient    : Application is null : false
2025-09-04T16:36:31.537+07:00  INFO 40796 --- [client-register-service] [main] [client-register-service,,]com.netflix.discovery.DiscoveryClient    : Registered Applications size is zero : true
2025-09-04T16:36:31.537+07:00  INFO 40796 --- [client-register-service] [main] [client-register-service,,]com.netflix.discovery.DiscoveryClient    : Application version is -1: true
2025-09-04T16:36:31.538+07:00  INFO 40796 --- [client-register-service] [main] [client-register-service,,]com.netflix.discovery.DiscoveryClient    : Getting all instance registry info from the eureka server
2025-09-04T16:36:31.557+07:00  INFO 40798 --- [auth-service] [RMI TCP Connection(3)-127.0.0.1] [auth-service,,]o.a.c.c.C.[Tomcat].[localhost].[/]       : Initializing Spring DispatcherServlet 'dispatcherServlet'
2025-09-04T16:36:31.557+07:00  INFO 40798 --- [auth-service] [RMI TCP Connection(3)-127.0.0.1] [auth-service,,]o.s.web.servlet.DispatcherServlet        : Initializing Servlet 'dispatcherServlet'
2025-09-04T16:36:31.559+07:00  INFO 40798 --- [auth-service] [RMI TCP Connection(3)-127.0.0.1] [auth-service,,]o.s.web.servlet.DispatcherServlet        : Completed initialization in 1 ms
2025-09-04T16:36:31.616+07:00  INFO 40796 --- [client-register-service] [main] [client-register-service,,]c.n.d.s.t.d.RedirectingEurekaHttpClient  : Request execution error. endpoint=DefaultEndpoint{ serviceUrl='http://localhost:9099/eureka/}, exception=I/O error on GET request for "http://localhost:9099/eureka/apps/": Connect to http://localhost:9099 [localhost/127.0.0.1, localhost/0:0:0:0:0:0:0:1] failed: Connection refused stacktrace=org.springframework.web.client.ResourceAccessException: I/O error on GET request for "http://localhost:9099/eureka/apps/": Connect to http://localhost:9099 [localhost/127.0.0.1, localhost/0:0:0:0:0:0:0:1] failed: Connection refused
	at org.springframework.web.client.RestTemplate.createResourceAccessException(RestTemplate.java:926)
	at org.springframework.web.client.RestTemplate.doExecute(RestTemplate.java:906)
	at org.springframework.web.client.RestTemplate.execute(RestTemplate.java:841)
	at org.springframework.web.client.RestTemplate.exchange(RestTemplate.java:702)
	at org.springframework.cloud.netflix.eureka.http.RestTemplateEurekaHttpClient.getApplicationsInternal(RestTemplateEurekaHttpClient.java:174)
	at org.springframework.cloud.netflix.eureka.http.RestTemplateEurekaHttpClient.getApplications(RestTemplateEurekaHttpClient.java:162)
	at com.netflix.discovery.shared.transport.decorator.EurekaHttpClientDecorator$6.execute(EurekaHttpClientDecorator.java:137)
	at com.netflix.discovery.shared.transport.decorator.RedirectingEurekaHttpClient.executeOnNewServer(RedirectingEurekaHttpClient.java:121)
	at com.netflix.discovery.shared.transport.decorator.RedirectingEurekaHttpClient.execute(RedirectingEurekaHttpClient.java:80)
	at com.netflix.discovery.shared.transport.decorator.EurekaHttpClientDecorator.getApplications(EurekaHttpClientDecorator.java:134)
	at com.netflix.discovery.shared.transport.decorator.EurekaHttpClientDecorator$6.execute(EurekaHttpClientDecorator.java:137)
	at com.netflix.discovery.shared.transport.decorator.RetryableEurekaHttpClient.execute(RetryableEurekaHttpClient.java:120)
	at com.netflix.discovery.shared.transport.decorator.EurekaHttpClientDecorator.getApplications(EurekaHttpClientDecorator.java:134)
	at com.netflix.discovery.shared.transport.decorator.EurekaHttpClientDecorator$6.execute(EurekaHttpClientDecorator.java:137)
	at com.netflix.discovery.shared.transport.decorator.SessionedEurekaHttpClient.execute(SessionedEurekaHttpClient.java:76)
	at com.netflix.discovery.shared.transport.decorator.EurekaHttpClientDecorator.getApplications(EurekaHttpClientDecorator.java:134)
	at com.netflix.discovery.DiscoveryClient.getAndStoreFullRegistry(DiscoveryClient.java:1046)
	at com.netflix.discovery.DiscoveryClient.fetchRegistry(DiscoveryClient.java:961)
	at com.netflix.discovery.DiscoveryClient.<init>(DiscoveryClient.java:410)
	at com.netflix.discovery.DiscoveryClient.<init>(DiscoveryClient.java:245)
	at com.netflix.discovery.DiscoveryClient.<init>(DiscoveryClient.java:240)
	at org.springframework.cloud.netflix.eureka.CloudEurekaClient.<init>(CloudEurekaClient.java:68)
	at org.springframework.cloud.netflix.eureka.EurekaClientAutoConfiguration$RefreshableEurekaClientConfiguration.eurekaClient(EurekaClientAutoConfiguration.java:324)
	at java.base/jdk.internal.reflect.DirectMethodHandleAccessor.invoke(DirectMethodHandleAccessor.java:103)
	at java.base/java.lang.reflect.Method.invoke(Method.java:580)
	at org.springframework.beans.factory.support.SimpleInstantiationStrategy.lambda$instantiate$0(SimpleInstantiationStrategy.java:172)
	at org.springframework.beans.factory.support.SimpleInstantiationStrategy.instantiateWithFactoryMethod(SimpleInstantiationStrategy.java:89)
	at org.springframework.beans.factory.support.SimpleInstantiationStrategy.instantiate(SimpleInstantiationStrategy.java:169)
	at org.springframework.beans.factory.support.ConstructorResolver.instantiate(ConstructorResolver.java:653)
	at org.springframework.beans.factory.support.ConstructorResolver.instantiateUsingFactoryMethod(ConstructorResolver.java:645)
	at org.springframework.beans.factory.support.AbstractAutowireCapableBeanFactory.instantiateUsingFactoryMethod(AbstractAutowireCapableBeanFactory.java:1375)
	at org.springframework.beans.factory.support.AbstractAutowireCapableBeanFactory.createBeanInstance(AbstractAutowireCapableBeanFactory.java:1205)
	at org.springframework.beans.factory.support.AbstractAutowireCapableBeanFactory.doCreateBean(AbstractAutowireCapableBeanFactory.java:569)
	at org.springframework.beans.factory.support.AbstractAutowireCapableBeanFactory.createBean(AbstractAutowireCapableBeanFactory.java:529)
	at org.springframework.beans.factory.support.AbstractBeanFactory.lambda$doGetBean$1(AbstractBeanFactory.java:378)
	at org.springframework.cloud.context.scope.GenericScope$BeanLifecycleWrapper.getBean(GenericScope.java:373)
	at org.springframework.cloud.context.scope.GenericScope.get(GenericScope.java:177)
	at org.springframework.beans.factory.support.AbstractBeanFactory.doGetBean(AbstractBeanFactory.java:375)
	at org.springframework.beans.factory.support.AbstractBeanFactory.getBean(AbstractBeanFactory.java:202)
	at org.springframework.aop.target.SimpleBeanTargetSource.getTarget(SimpleBeanTargetSource.java:35)
	at org.springframework.cloud.netflix.eureka.serviceregistry.EurekaRegistration.getTargetObject(EurekaRegistration.java:128)
	at org.springframework.cloud.netflix.eureka.serviceregistry.EurekaRegistration.getEurekaClient(EurekaRegistration.java:116)
	at java.base/jdk.internal.reflect.DirectMethodHandleAccessor.invoke(DirectMethodHandleAccessor.java:103)
	at java.base/java.lang.reflect.Method.invoke(Method.java:580)
	at org.springframework.util.ReflectionUtils.invokeMethod(ReflectionUtils.java:281)
	at org.springframework.cloud.context.scope.GenericScope$LockedScopedProxyFactoryBean.invoke(GenericScope.java:480)
	at org.springframework.aop.framework.ReflectiveMethodInvocation.proceed(ReflectiveMethodInvocation.java:184)
	at org.springframework.aop.framework.CglibAopProxy$DynamicAdvisedInterceptor.intercept(CglibAopProxy.java:728)
	at org.springframework.cloud.netflix.eureka.serviceregistry.EurekaRegistration$$SpringCGLIB$$0.getEurekaClient(<generated>)
	at org.springframework.cloud.netflix.eureka.serviceregistry.EurekaServiceRegistry.maybeInitializeClient(EurekaServiceRegistry.java:83)
	at org.springframework.cloud.netflix.eureka.serviceregistry.EurekaServiceRegistry.register(EurekaServiceRegistry.java:66)
	at org.springframework.cloud.netflix.eureka.serviceregistry.EurekaAutoServiceRegistration.start(EurekaAutoServiceRegistration.java:89)
	at org.springframework.context.support.DefaultLifecycleProcessor.doStart(DefaultLifecycleProcessor.java:405)
	at org.springframework.context.support.DefaultLifecycleProcessor.doStart(DefaultLifecycleProcessor.java:394)
	at org.springframework.context.support.DefaultLifecycleProcessor$LifecycleGroup.start(DefaultLifecycleProcessor.java:586)
	at java.base/java.lang.Iterable.forEach(Iterable.java:75)
	at org.springframework.context.support.DefaultLifecycleProcessor.startBeans(DefaultLifecycleProcessor.java:364)
	at org.springframework.context.support.DefaultLifecycleProcessor.onRefresh(DefaultLifecycleProcessor.java:310)
	at org.springframework.context.support.AbstractApplicationContext.finishRefresh(AbstractApplicationContext.java:1006)
	at org.springframework.context.support.AbstractApplicationContext.refresh(AbstractApplicationContext.java:630)
	at org.springframework.boot.web.servlet.context.ServletWebServerApplicationContext.refresh(ServletWebServerApplicationContext.java:146)
	at org.springframework.boot.SpringApplication.refresh(SpringApplication.java:752)
	at org.springframework.boot.SpringApplication.refreshContext(SpringApplication.java:439)
	at org.springframework.boot.SpringApplication.run(SpringApplication.java:318)
	at org.springframework.boot.SpringApplication.run(SpringApplication.java:1361)
	at org.springframework.boot.SpringApplication.run(SpringApplication.java:1350)
	at huydv.jmaster.ClientRegisterService.ClientRegisterServiceApplication.main(ClientRegisterServiceApplication.java:10)
Caused by: org.apache.hc.client5.http.HttpHostConnectException: Connect to http://localhost:9099 [localhost/127.0.0.1, localhost/0:0:0:0:0:0:0:1] failed: Connection refused
	at java.base/sun.nio.ch.Net.pollConnect(Native Method)
	at java.base/sun.nio.ch.Net.pollConnectNow(Net.java:682)
	at java.base/sun.nio.ch.NioSocketImpl.timedFinishConnect(NioSocketImpl.java:549)
	at java.base/sun.nio.ch.NioSocketImpl.connect(NioSocketImpl.java:592)
	at java.base/java.net.SocksSocketImpl.connect(SocksSocketImpl.java:327)
	at java.base/java.net.Socket.connect(Socket.java:760)
	at org.apache.hc.client5.http.impl.io.DefaultHttpClientConnectionOperator.connect(DefaultHttpClientConnectionOperator.java:216)
	at org.apache.hc.client5.http.impl.io.PoolingHttpClientConnectionManager.connect(PoolingHttpClientConnectionManager.java:490)
	at org.apache.hc.client5.http.impl.classic.InternalExecRuntime.connectEndpoint(InternalExecRuntime.java:164)
	at org.apache.hc.client5.http.impl.classic.InternalExecRuntime.connectEndpoint(InternalExecRuntime.java:174)
	at org.apache.hc.client5.http.impl.classic.ConnectExec.execute(ConnectExec.java:144)
	at org.apache.hc.client5.http.impl.classic.ExecChainElement.execute(ExecChainElement.java:51)
	at org.apache.hc.client5.http.impl.classic.ProtocolExec.execute(ProtocolExec.java:192)
	at org.apache.hc.client5.http.impl.classic.ExecChainElement.execute(ExecChainElement.java:51)
	at org.apache.hc.client5.http.impl.classic.ContentCompressionExec.execute(ContentCompressionExec.java:150)
	at org.apache.hc.client5.http.impl.classic.ExecChainElement.execute(ExecChainElement.java:51)
	at org.apache.hc.client5.http.impl.classic.HttpRequestRetryExec.execute(HttpRequestRetryExec.java:113)
	at org.apache.hc.client5.http.impl.classic.ExecChainElement.execute(ExecChainElement.java:51)
	at org.apache.hc.client5.http.impl.classic.RedirectExec.execute(RedirectExec.java:110)
	at org.apache.hc.client5.http.impl.classic.ExecChainElement.execute(ExecChainElement.java:51)
	at org.apache.hc.client5.http.impl.classic.InternalHttpClient.doExecute(InternalHttpClient.java:183)
	at org.apache.hc.client5.http.impl.classic.CloseableHttpClient.execute(CloseableHttpClient.java:87)
	at org.apache.hc.client5.http.impl.classic.CloseableHttpClient.execute(CloseableHttpClient.java:55)
	at org.apache.hc.client5.http.classic.HttpClient.executeOpen(HttpClient.java:183)
	at org.springframework.http.client.HttpComponentsClientHttpRequest.executeInternal(HttpComponentsClientHttpRequest.java:99)
	at org.springframework.http.client.AbstractStreamingClientHttpRequest.executeInternal(AbstractStreamingClientHttpRequest.java:71)
	at org.springframework.http.client.AbstractClientHttpRequest.execute(AbstractClientHttpRequest.java:81)
	at org.springframework.http.client.InterceptingClientHttpRequest$InterceptingRequestExecution.execute(InterceptingClientHttpRequest.java:117)
	at org.springframework.cloud.netflix.eureka.http.RestTemplateTransportClientFactory.lambda$restTemplate$2(RestTemplateTransportClientFactory.java:145)
	at org.springframework.http.client.InterceptingClientHttpRequest$InterceptingRequestExecution.execute(InterceptingClientHttpRequest.java:88)
	at org.springframework.http.client.InterceptingClientHttpRequest.executeInternal(InterceptingClientHttpRequest.java:72)
	at org.springframework.http.client.AbstractBufferingClientHttpRequest.executeInternal(AbstractBufferingClientHttpRequest.java:48)
	at org.springframework.http.client.AbstractClientHttpRequest.execute(AbstractClientHttpRequest.java:81)
	at org.springframework.web.client.RestTemplate.doExecute(RestTemplate.java:900)
	... 65 more

2025-09-04T16:36:31.616+07:00  WARN 40796 --- [client-register-service] [main] [client-register-service,,]c.n.d.s.t.d.RetryableEurekaHttpClient    : Request execution failed with message: I/O error on GET request for "http://localhost:9099/eureka/apps/": Connect to http://localhost:9099 [localhost/127.0.0.1, localhost/0:0:0:0:0:0:0:1] failed: Connection refused
2025-09-04T16:36:31.616+07:00  INFO 40796 --- [client-register-service] [main] [client-register-service,,]com.netflix.discovery.DiscoveryClient    : DiscoveryClient_CLIENT-REGISTER-SERVICE/172.16.113.88:client-register-service:9084 - was unable to refresh its cache! This periodic background refresh will be retried in 30 seconds. status = Cannot execute request on any known server stacktrace = com.netflix.discovery.shared.transport.TransportException: Cannot execute request on any known server
	at com.netflix.discovery.shared.transport.decorator.RetryableEurekaHttpClient.execute(RetryableEurekaHttpClient.java:112)
	at com.netflix.discovery.shared.transport.decorator.EurekaHttpClientDecorator.getApplications(EurekaHttpClientDecorator.java:134)
	at com.netflix.discovery.shared.transport.decorator.EurekaHttpClientDecorator$6.execute(EurekaHttpClientDecorator.java:137)
	at com.netflix.discovery.shared.transport.decorator.SessionedEurekaHttpClient.execute(SessionedEurekaHttpClient.java:76)
	at com.netflix.discovery.shared.transport.decorator.EurekaHttpClientDecorator.getApplications(EurekaHttpClientDecorator.java:134)
	at com.netflix.discovery.DiscoveryClient.getAndStoreFullRegistry(DiscoveryClient.java:1046)
	at com.netflix.discovery.DiscoveryClient.fetchRegistry(DiscoveryClient.java:961)
	at com.netflix.discovery.DiscoveryClient.<init>(DiscoveryClient.java:410)
	at com.netflix.discovery.DiscoveryClient.<init>(DiscoveryClient.java:245)
	at com.netflix.discovery.DiscoveryClient.<init>(DiscoveryClient.java:240)
	at org.springframework.cloud.netflix.eureka.CloudEurekaClient.<init>(CloudEurekaClient.java:68)
	at org.springframework.cloud.netflix.eureka.EurekaClientAutoConfiguration$RefreshableEurekaClientConfiguration.eurekaClient(EurekaClientAutoConfiguration.java:324)
	at java.base/jdk.internal.reflect.DirectMethodHandleAccessor.invoke(DirectMethodHandleAccessor.java:103)
	at java.base/java.lang.reflect.Method.invoke(Method.java:580)
	at org.springframework.beans.factory.support.SimpleInstantiationStrategy.lambda$instantiate$0(SimpleInstantiationStrategy.java:172)
	at org.springframework.beans.factory.support.SimpleInstantiationStrategy.instantiateWithFactoryMethod(SimpleInstantiationStrategy.java:89)
	at org.springframework.beans.factory.support.SimpleInstantiationStrategy.instantiate(SimpleInstantiationStrategy.java:169)
	at org.springframework.beans.factory.support.ConstructorResolver.instantiate(ConstructorResolver.java:653)
	at org.springframework.beans.factory.support.ConstructorResolver.instantiateUsingFactoryMethod(ConstructorResolver.java:645)
	at org.springframework.beans.factory.support.AbstractAutowireCapableBeanFactory.instantiateUsingFactoryMethod(AbstractAutowireCapableBeanFactory.java:1375)
	at org.springframework.beans.factory.support.AbstractAutowireCapableBeanFactory.createBeanInstance(AbstractAutowireCapableBeanFactory.java:1205)
	at org.springframework.beans.factory.support.AbstractAutowireCapableBeanFactory.doCreateBean(AbstractAutowireCapableBeanFactory.java:569)
	at org.springframework.beans.factory.support.AbstractAutowireCapableBeanFactory.createBean(AbstractAutowireCapableBeanFactory.java:529)
	at org.springframework.beans.factory.support.AbstractBeanFactory.lambda$doGetBean$1(AbstractBeanFactory.java:378)
	at org.springframework.cloud.context.scope.GenericScope$BeanLifecycleWrapper.getBean(GenericScope.java:373)
	at org.springframework.cloud.context.scope.GenericScope.get(GenericScope.java:177)
	at org.springframework.beans.factory.support.AbstractBeanFactory.doGetBean(AbstractBeanFactory.java:375)
	at org.springframework.beans.factory.support.AbstractBeanFactory.getBean(AbstractBeanFactory.java:202)
	at org.springframework.aop.target.SimpleBeanTargetSource.getTarget(SimpleBeanTargetSource.java:35)
	at org.springframework.cloud.netflix.eureka.serviceregistry.EurekaRegistration.getTargetObject(EurekaRegistration.java:128)
	at org.springframework.cloud.netflix.eureka.serviceregistry.EurekaRegistration.getEurekaClient(EurekaRegistration.java:116)
	at java.base/jdk.internal.reflect.DirectMethodHandleAccessor.invoke(DirectMethodHandleAccessor.java:103)
	at java.base/java.lang.reflect.Method.invoke(Method.java:580)
	at org.springframework.util.ReflectionUtils.invokeMethod(ReflectionUtils.java:281)
	at org.springframework.cloud.context.scope.GenericScope$LockedScopedProxyFactoryBean.invoke(GenericScope.java:480)
	at org.springframework.aop.framework.ReflectiveMethodInvocation.proceed(ReflectiveMethodInvocation.java:184)
	at org.springframework.aop.framework.CglibAopProxy$DynamicAdvisedInterceptor.intercept(CglibAopProxy.java:728)
	at org.springframework.cloud.netflix.eureka.serviceregistry.EurekaRegistration$$SpringCGLIB$$0.getEurekaClient(<generated>)
	at org.springframework.cloud.netflix.eureka.serviceregistry.EurekaServiceRegistry.maybeInitializeClient(EurekaServiceRegistry.java:83)
	at org.springframework.cloud.netflix.eureka.serviceregistry.EurekaServiceRegistry.register(EurekaServiceRegistry.java:66)
	at org.springframework.cloud.netflix.eureka.serviceregistry.EurekaAutoServiceRegistration.start(EurekaAutoServiceRegistration.java:89)
	at org.springframework.context.support.DefaultLifecycleProcessor.doStart(DefaultLifecycleProcessor.java:405)
	at org.springframework.context.support.DefaultLifecycleProcessor.doStart(DefaultLifecycleProcessor.java:394)
	at org.springframework.context.support.DefaultLifecycleProcessor$LifecycleGroup.start(DefaultLifecycleProcessor.java:586)
	at java.base/java.lang.Iterable.forEach(Iterable.java:75)
	at org.springframework.context.support.DefaultLifecycleProcessor.startBeans(DefaultLifecycleProcessor.java:364)
	at org.springframework.context.support.DefaultLifecycleProcessor.onRefresh(DefaultLifecycleProcessor.java:310)
	at org.springframework.context.support.AbstractApplicationContext.finishRefresh(AbstractApplicationContext.java:1006)
	at org.springframework.context.support.AbstractApplicationContext.refresh(AbstractApplicationContext.java:630)
	at org.springframework.boot.web.servlet.context.ServletWebServerApplicationContext.refresh(ServletWebServerApplicationContext.java:146)
	at org.springframework.boot.SpringApplication.refresh(SpringApplication.java:752)
	at org.springframework.boot.SpringApplication.refreshContext(SpringApplication.java:439)
	at org.springframework.boot.SpringApplication.run(SpringApplication.java:318)
	at org.springframework.boot.SpringApplication.run(SpringApplication.java:1361)
	at org.springframework.boot.SpringApplication.run(SpringApplication.java:1350)
	at huydv.jmaster.ClientRegisterService.ClientRegisterServiceApplication.main(ClientRegisterServiceApplication.java:10)

2025-09-04T16:36:31.616+07:00  INFO 40796 --- [client-register-service] [main] [client-register-service,,]com.netflix.discovery.DiscoveryClient    : Initial registry fetch from primary servers failed
2025-09-04T16:36:31.616+07:00  WARN 40796 --- [client-register-service] [main] [client-register-service,,]com.netflix.discovery.DiscoveryClient    : Using default backup registry implementation which does not do anything.
2025-09-04T16:36:31.616+07:00  INFO 40796 --- [client-register-service] [main] [client-register-service,,]com.netflix.discovery.DiscoveryClient    : Initial registry fetch from backup servers failed
2025-09-04T16:36:31.617+07:00  INFO 40796 --- [client-register-service] [main] [client-register-service,,]com.netflix.discovery.DiscoveryClient    : Starting heartbeat executor: renew interval is: 30
2025-09-04T16:36:31.617+07:00  INFO 40796 --- [client-register-service] [main] [client-register-service,,]c.n.discovery.InstanceInfoReplicator     : InstanceInfoReplicator onDemand update allowed rate per min is 4
2025-09-04T16:36:31.618+07:00  INFO 40796 --- [client-register-service] [main] [client-register-service,,]com.netflix.discovery.DiscoveryClient    : Discovery Client initialized at timestamp 1756978591618 with initial instances count: 0
2025-09-04T16:36:31.625+07:00  INFO 40796 --- [client-register-service] [main] [client-register-service,,]o.s.c.n.e.s.EurekaServiceRegistry        : Registering application CLIENT-REGISTER-SERVICE with eureka with status UP
2025-09-04T16:36:31.625+07:00  INFO 40796 --- [client-register-service] [main] [client-register-service,,]com.netflix.discovery.DiscoveryClient    : Saw local status change event StatusChangeEvent [timestamp=1756978591625, current=UP, previous=STARTING]
2025-09-04T16:36:31.626+07:00  INFO 40796 --- [client-register-service] [DiscoveryClient-InstanceInfoReplicator-%d] [client-register-service,,]com.netflix.discovery.DiscoveryClient    : DiscoveryClient_CLIENT-REGISTER-SERVICE/172.16.113.88:client-register-service:9084: registering service...
2025-09-04T16:36:31.633+07:00  INFO 40796 --- [client-register-service] [main] [client-register-service,,]o.s.b.w.embedded.tomcat.TomcatWebServer  : Tomcat started on port 9084 (http) with context path '/'
2025-09-04T16:36:31.633+07:00  INFO 40796 --- [client-register-service] [main] [client-register-service,,].s.c.n.e.s.EurekaAutoServiceRegistration : Updating port to 9084
2025-09-04T16:36:31.640+07:00  INFO 40796 --- [client-register-service] [DiscoveryClient-InstanceInfoReplicator-%d] [client-register-service,,]c.n.d.s.t.d.RedirectingEurekaHttpClient  : Request execution error. endpoint=DefaultEndpoint{ serviceUrl='http://localhost:9099/eureka/}, exception=I/O error on POST request for "http://localhost:9099/eureka/apps/CLIENT-REGISTER-SERVICE": Connect to http://localhost:9099 [localhost/127.0.0.1, localhost/0:0:0:0:0:0:0:1] failed: Connection refused stacktrace=org.springframework.web.client.ResourceAccessException: I/O error on POST request for "http://localhost:9099/eureka/apps/CLIENT-REGISTER-SERVICE": Connect to http://localhost:9099 [localhost/127.0.0.1, localhost/0:0:0:0:0:0:0:1] failed: Connection refused
	at org.springframework.web.client.RestTemplate.createResourceAccessException(RestTemplate.java:926)
	at org.springframework.web.client.RestTemplate.doExecute(RestTemplate.java:906)
	at org.springframework.web.client.RestTemplate.execute(RestTemplate.java:841)
	at org.springframework.web.client.RestTemplate.exchange(RestTemplate.java:702)
	at org.springframework.cloud.netflix.eureka.http.RestTemplateEurekaHttpClient.register(RestTemplateEurekaHttpClient.java:87)
	at com.netflix.discovery.shared.transport.decorator.EurekaHttpClientDecorator$1.execute(EurekaHttpClientDecorator.java:59)
	at com.netflix.discovery.shared.transport.decorator.RedirectingEurekaHttpClient.executeOnNewServer(RedirectingEurekaHttpClient.java:121)
	at com.netflix.discovery.shared.transport.decorator.RedirectingEurekaHttpClient.execute(RedirectingEurekaHttpClient.java:80)
	at com.netflix.discovery.shared.transport.decorator.EurekaHttpClientDecorator.register(EurekaHttpClientDecorator.java:56)
	at com.netflix.discovery.shared.transport.decorator.EurekaHttpClientDecorator$1.execute(EurekaHttpClientDecorator.java:59)
	at com.netflix.discovery.shared.transport.decorator.RetryableEurekaHttpClient.execute(RetryableEurekaHttpClient.java:120)
	at com.netflix.discovery.shared.transport.decorator.EurekaHttpClientDecorator.register(EurekaHttpClientDecorator.java:56)
	at com.netflix.discovery.shared.transport.decorator.EurekaHttpClientDecorator$1.execute(EurekaHttpClientDecorator.java:59)
	at com.netflix.discovery.shared.transport.decorator.SessionedEurekaHttpClient.execute(SessionedEurekaHttpClient.java:76)
	at com.netflix.discovery.shared.transport.decorator.EurekaHttpClientDecorator.register(EurekaHttpClientDecorator.java:56)
	at com.netflix.discovery.DiscoveryClient.register(DiscoveryClient.java:828)
	at com.netflix.discovery.InstanceInfoReplicator.run(InstanceInfoReplicator.java:125)
	at com.netflix.discovery.InstanceInfoReplicator$2.run(InstanceInfoReplicator.java:105)
	at java.base/java.util.concurrent.Executors$RunnableAdapter.call(Executors.java:572)
	at java.base/java.util.concurrent.FutureTask.run(FutureTask.java:317)
	at java.base/java.util.concurrent.ScheduledThreadPoolExecutor$ScheduledFutureTask.run(ScheduledThreadPoolExecutor.java:304)
	at java.base/java.util.concurrent.ThreadPoolExecutor.runWorker(ThreadPoolExecutor.java:1144)
	at java.base/java.util.concurrent.ThreadPoolExecutor$Worker.run(ThreadPoolExecutor.java:642)
	at java.base/java.lang.Thread.run(Thread.java:1575)
Caused by: org.apache.hc.client5.http.HttpHostConnectException: Connect to http://localhost:9099 [localhost/127.0.0.1, localhost/0:0:0:0:0:0:0:1] failed: Connection refused
	at java.base/sun.nio.ch.Net.pollConnect(Native Method)
	at java.base/sun.nio.ch.Net.pollConnectNow(Net.java:682)
	at java.base/sun.nio.ch.NioSocketImpl.timedFinishConnect(NioSocketImpl.java:549)
	at java.base/sun.nio.ch.NioSocketImpl.connect(NioSocketImpl.java:592)
	at java.base/java.net.SocksSocketImpl.connect(SocksSocketImpl.java:327)
	at java.base/java.net.Socket.connect(Socket.java:760)
	at org.apache.hc.client5.http.impl.io.DefaultHttpClientConnectionOperator.connect(DefaultHttpClientConnectionOperator.java:216)
	at org.apache.hc.client5.http.impl.io.PoolingHttpClientConnectionManager.connect(PoolingHttpClientConnectionManager.java:490)
	at org.apache.hc.client5.http.impl.classic.InternalExecRuntime.connectEndpoint(InternalExecRuntime.java:164)
	at org.apache.hc.client5.http.impl.classic.InternalExecRuntime.connectEndpoint(InternalExecRuntime.java:174)
	at org.apache.hc.client5.http.impl.classic.ConnectExec.execute(ConnectExec.java:144)
	at org.apache.hc.client5.http.impl.classic.ExecChainElement.execute(ExecChainElement.java:51)
	at org.apache.hc.client5.http.impl.classic.ProtocolExec.execute(ProtocolExec.java:192)
	at org.apache.hc.client5.http.impl.classic.ExecChainElement.execute(ExecChainElement.java:51)
	at org.apache.hc.client5.http.impl.classic.ContentCompressionExec.execute(ContentCompressionExec.java:150)
	at org.apache.hc.client5.http.impl.classic.ExecChainElement.execute(ExecChainElement.java:51)
	at org.apache.hc.client5.http.impl.classic.HttpRequestRetryExec.execute(HttpRequestRetryExec.java:113)
	at org.apache.hc.client5.http.impl.classic.ExecChainElement.execute(ExecChainElement.java:51)
	at org.apache.hc.client5.http.impl.classic.RedirectExec.execute(RedirectExec.java:110)
	at org.apache.hc.client5.http.impl.classic.ExecChainElement.execute(ExecChainElement.java:51)
	at org.apache.hc.client5.http.impl.classic.InternalHttpClient.doExecute(InternalHttpClient.java:183)
	at org.apache.hc.client5.http.impl.classic.CloseableHttpClient.execute(CloseableHttpClient.java:87)
	at org.apache.hc.client5.http.impl.classic.CloseableHttpClient.execute(CloseableHttpClient.java:55)
	at org.apache.hc.client5.http.classic.HttpClient.executeOpen(HttpClient.java:183)
	at org.springframework.http.client.HttpComponentsClientHttpRequest.executeInternal(HttpComponentsClientHttpRequest.java:99)
	at org.springframework.http.client.AbstractStreamingClientHttpRequest.executeInternal(AbstractStreamingClientHttpRequest.java:71)
	at org.springframework.http.client.AbstractClientHttpRequest.execute(AbstractClientHttpRequest.java:81)
	at org.springframework.http.client.InterceptingClientHttpRequest$InterceptingRequestExecution.execute(InterceptingClientHttpRequest.java:117)
	at org.springframework.cloud.netflix.eureka.http.RestTemplateTransportClientFactory.lambda$restTemplate$2(RestTemplateTransportClientFactory.java:145)
	at org.springframework.http.client.InterceptingClientHttpRequest$InterceptingRequestExecution.execute(InterceptingClientHttpRequest.java:88)
	at org.springframework.http.client.InterceptingClientHttpRequest.executeInternal(InterceptingClientHttpRequest.java:72)
	at org.springframework.http.client.AbstractBufferingClientHttpRequest.executeInternal(AbstractBufferingClientHttpRequest.java:48)
	at org.springframework.http.client.AbstractClientHttpRequest.execute(AbstractClientHttpRequest.java:81)
	at org.springframework.web.client.RestTemplate.doExecute(RestTemplate.java:900)
	... 22 more

2025-09-04T16:36:31.640+07:00  WARN 40796 --- [client-register-service] [DiscoveryClient-InstanceInfoReplicator-%d] [client-register-service,,]c.n.d.s.t.d.RetryableEurekaHttpClient    : Request execution failed with message: I/O error on POST request for "http://localhost:9099/eureka/apps/CLIENT-REGISTER-SERVICE": Connect to http://localhost:9099 [localhost/127.0.0.1, localhost/0:0:0:0:0:0:0:1] failed: Connection refused
2025-09-04T16:36:31.640+07:00  WARN 40796 --- [client-register-service] [DiscoveryClient-InstanceInfoReplicator-%d] [client-register-service,,]com.netflix.discovery.DiscoveryClient    : DiscoveryClient_CLIENT-REGISTER-SERVICE/172.16.113.88:client-register-service:9084 - registration failed Cannot execute request on any known server

com.netflix.discovery.shared.transport.TransportException: Cannot execute request on any known server
	at com.netflix.discovery.shared.transport.decorator.RetryableEurekaHttpClient.execute(RetryableEurekaHttpClient.java:112) ~[eureka-client-2.0.5.jar:2.0.5]
	at com.netflix.discovery.shared.transport.decorator.EurekaHttpClientDecorator.register(EurekaHttpClientDecorator.java:56) ~[eureka-client-2.0.5.jar:2.0.5]
	at com.netflix.discovery.shared.transport.decorator.EurekaHttpClientDecorator$1.execute(EurekaHttpClientDecorator.java:59) ~[eureka-client-2.0.5.jar:2.0.5]
	at com.netflix.discovery.shared.transport.decorator.SessionedEurekaHttpClient.execute(SessionedEurekaHttpClient.java:76) ~[eureka-client-2.0.5.jar:2.0.5]
	at com.netflix.discovery.shared.transport.decorator.EurekaHttpClientDecorator.register(EurekaHttpClientDecorator.java:56) ~[eureka-client-2.0.5.jar:2.0.5]
	at com.netflix.discovery.DiscoveryClient.register(DiscoveryClient.java:828) ~[eureka-client-2.0.5.jar:2.0.5]
	at com.netflix.discovery.InstanceInfoReplicator.run(InstanceInfoReplicator.java:125) ~[eureka-client-2.0.5.jar:2.0.5]
	at com.netflix.discovery.InstanceInfoReplicator$2.run(InstanceInfoReplicator.java:105) ~[eureka-client-2.0.5.jar:2.0.5]
	at java.base/java.util.concurrent.Executors$RunnableAdapter.call(Executors.java:572) ~[na:na]
	at java.base/java.util.concurrent.FutureTask.run(FutureTask.java:317) ~[na:na]
	at java.base/java.util.concurrent.ScheduledThreadPoolExecutor$ScheduledFutureTask.run(ScheduledThreadPoolExecutor.java:304) ~[na:na]
	at java.base/java.util.concurrent.ThreadPoolExecutor.runWorker(ThreadPoolExecutor.java:1144) ~[na:na]
	at java.base/java.util.concurrent.ThreadPoolExecutor$Worker.run(ThreadPoolExecutor.java:642) ~[na:na]
	at java.base/java.lang.Thread.run(Thread.java:1575) ~[na:na]

2025-09-04T16:36:31.641+07:00  WARN 40796 --- [client-register-service] [DiscoveryClient-InstanceInfoReplicator-%d] [client-register-service,,]c.n.discovery.InstanceInfoReplicator     : There was a problem with the instance info replicator

com.netflix.discovery.shared.transport.TransportException: Cannot execute request on any known server
	at com.netflix.discovery.shared.transport.decorator.RetryableEurekaHttpClient.execute(RetryableEurekaHttpClient.java:112) ~[eureka-client-2.0.5.jar:2.0.5]
	at com.netflix.discovery.shared.transport.decorator.EurekaHttpClientDecorator.register(EurekaHttpClientDecorator.java:56) ~[eureka-client-2.0.5.jar:2.0.5]
	at com.netflix.discovery.shared.transport.decorator.EurekaHttpClientDecorator$1.execute(EurekaHttpClientDecorator.java:59) ~[eureka-client-2.0.5.jar:2.0.5]
	at com.netflix.discovery.shared.transport.decorator.SessionedEurekaHttpClient.execute(SessionedEurekaHttpClient.java:76) ~[eureka-client-2.0.5.jar:2.0.5]
	at com.netflix.discovery.shared.transport.decorator.EurekaHttpClientDecorator.register(EurekaHttpClientDecorator.java:56) ~[eureka-client-2.0.5.jar:2.0.5]
	at com.netflix.discovery.DiscoveryClient.register(DiscoveryClient.java:828) ~[eureka-client-2.0.5.jar:2.0.5]
	at com.netflix.discovery.InstanceInfoReplicator.run(InstanceInfoReplicator.java:125) ~[eureka-client-2.0.5.jar:2.0.5]
	at com.netflix.discovery.InstanceInfoReplicator$2.run(InstanceInfoReplicator.java:105) ~[eureka-client-2.0.5.jar:2.0.5]
	at java.base/java.util.concurrent.Executors$RunnableAdapter.call(Executors.java:572) ~[na:na]
	at java.base/java.util.concurrent.FutureTask.run(FutureTask.java:317) ~[na:na]
	at java.base/java.util.concurrent.ScheduledThreadPoolExecutor$ScheduledFutureTask.run(ScheduledThreadPoolExecutor.java:304) ~[na:na]
	at java.base/java.util.concurrent.ThreadPoolExecutor.runWorker(ThreadPoolExecutor.java:1144) ~[na:na]
	at java.base/java.util.concurrent.ThreadPoolExecutor$Worker.run(ThreadPoolExecutor.java:642) ~[na:na]
	at java.base/java.lang.Thread.run(Thread.java:1575) ~[na:na]

2025-09-04T16:36:31.644+07:00  INFO 40796 --- [client-register-service] [main] [client-register-service,,]h.j.C.ClientRegisterServiceApplication   : Started ClientRegisterServiceApplication in 4.133 seconds (process running for 4.429)
2025-09-04T16:36:31.892+07:00  INFO 40796 --- [client-register-service] [RMI TCP Connection(2)-127.0.0.1] [client-register-service,,]o.a.c.c.C.[Tomcat].[localhost].[/]       : Initializing Spring DispatcherServlet 'dispatcherServlet'
2025-09-04T16:36:31.892+07:00  INFO 40796 --- [client-register-service] [RMI TCP Connection(2)-127.0.0.1] [client-register-service,,]o.s.web.servlet.DispatcherServlet        : Initializing Servlet 'dispatcherServlet'
2025-09-04T16:36:31.893+07:00  INFO 40796 --- [client-register-service] [RMI TCP Connection(2)-127.0.0.1] [client-register-service,,]o.s.web.servlet.DispatcherServlet        : Completed initialization in 0 ms
2025-09-04T16:36:39.609+07:00  INFO 40800 --- [monitor-admin] [restartedMain] [monitor-admin,,]h.j.M.MonitorAdminApplication            : Starting MonitorAdminApplication using Java 23.0.2 with PID 40800 (/Users/dinhvanhuy/Course/Git/Microservices-Spring-Cloud_OAuth2_Docker_Kafka/MyCreate/MonitorAdmin/target/classes started by dinhvanhuy in /Users/dinhvanhuy/Course/Git/Microservices-Spring-Cloud_OAuth2_Docker_Kafka)
2025-09-04T16:36:39.610+07:00  INFO 40800 --- [monitor-admin] [restartedMain] [monitor-admin,,]h.j.M.MonitorAdminApplication            : No active profile set, falling back to 1 default profile: "default"
2025-09-04T16:36:39.635+07:00  INFO 40800 --- [monitor-admin] [restartedMain] [monitor-admin,,]o.s.c.c.c.ConfigServerConfigDataLoader   : Fetching config from server at : http://localhost:9088
2025-09-04T16:36:39.635+07:00  INFO 40800 --- [monitor-admin] [restartedMain] [monitor-admin,,]o.s.c.c.c.ConfigServerConfigDataLoader   : Located environment: name=monitor-admin, profiles=[default], label=null, version=null, state=null
2025-09-04T16:36:39.636+07:00  INFO 40800 --- [monitor-admin] [restartedMain] [monitor-admin,,].e.DevToolsPropertyDefaultsPostProcessor : Devtools property defaults active! Set 'spring.devtools.add-properties' to 'false' to disable
2025-09-04T16:36:39.636+07:00  INFO 40800 --- [monitor-admin] [restartedMain] [monitor-admin,,].e.DevToolsPropertyDefaultsPostProcessor : For additional web related logging consider setting the 'logging.level.web' property to 'DEBUG'
2025-09-04T16:36:40.080+07:00  INFO 40800 --- [monitor-admin] [restartedMain] [monitor-admin,,]o.s.cloud.context.scope.GenericScope     : BeanFactory id=3ad66a9d-1a70-37ed-9ec6-0eeea5042d17
2025-09-04T16:36:40.261+07:00  INFO 40802 --- [discovery-service] [restartedMain] [discovery-service,,]h.j.D.DiscoveryServiceApplication        : Starting DiscoveryServiceApplication using Java 23.0.2 with PID 40802 (/Users/dinhvanhuy/Course/Git/Microservices-Spring-Cloud_OAuth2_Docker_Kafka/MyCreate/DiscoveryService/target/classes started by dinhvanhuy in /Users/dinhvanhuy/Course/Git/Microservices-Spring-Cloud_OAuth2_Docker_Kafka)
2025-09-04T16:36:40.261+07:00  INFO 40802 --- [discovery-service] [restartedMain] [discovery-service,,]h.j.D.DiscoveryServiceApplication        : No active profile set, falling back to 1 default profile: "default"
2025-09-04T16:36:40.267+07:00  WARN 40800 --- [monitor-admin] [restartedMain] [monitor-admin,,]ion$DefaultTemplateResolverConfiguration : Cannot find template location: classpath:/templates/ (please add some templates, check your Thymeleaf configuration, or set spring.thymeleaf.check-template-location=false)
2025-09-04T16:36:40.276+07:00  INFO 40802 --- [discovery-service] [restartedMain] [discovery-service,,]o.s.c.c.c.ConfigServerConfigDataLoader   : Fetching config from server at : http://localhost:9088
2025-09-04T16:36:40.276+07:00  INFO 40802 --- [discovery-service] [restartedMain] [discovery-service,,]o.s.c.c.c.ConfigServerConfigDataLoader   : Located environment: name=discovery-service, profiles=[default], label=null, version=null, state=null
2025-09-04T16:36:40.276+07:00  INFO 40802 --- [discovery-service] [restartedMain] [discovery-service,,].e.DevToolsPropertyDefaultsPostProcessor : Devtools property defaults active! Set 'spring.devtools.add-properties' to 'false' to disable
2025-09-04T16:36:40.276+07:00  INFO 40802 --- [discovery-service] [restartedMain] [discovery-service,,].e.DevToolsPropertyDefaultsPostProcessor : For additional web related logging consider setting the 'logging.level.web' property to 'DEBUG'
2025-09-04T16:36:40.389+07:00  INFO 40800 --- [monitor-admin] [restartedMain] [monitor-admin,,]o.s.b.a.e.web.EndpointLinksResolver      : Exposing 18 endpoints beneath base path '/actuator'
2025-09-04T16:36:40.485+07:00  INFO 40800 --- [monitor-admin] [restartedMain] [monitor-admin,,]DiscoveryClientOptionalArgsConfiguration : Eureka HTTP Client uses RestTemplate.
2025-09-04T16:36:40.554+07:00  WARN 40800 --- [monitor-admin] [restartedMain] [monitor-admin,,]o.s.b.d.a.OptionalLiveReloadServer       : Unable to start LiveReload server
2025-09-04T16:36:40.564+07:00  WARN 40800 --- [monitor-admin] [restartedMain] [monitor-admin,,]iguration$LoadBalancerCaffeineWarnLogger : Spring Cloud LoadBalancer is currently working with the default cache. While this cache implementation is useful for development and tests, it's recommended to use Caffeine cache in production.You can switch to using Caffeine cache, by adding it and org.springframework.cache.caffeine.CaffeineCacheManager to the classpath.
2025-09-04T16:36:40.588+07:00  INFO 40800 --- [monitor-admin] [restartedMain] [monitor-admin,,]o.s.c.n.eureka.InstanceInfoFactory       : Setting initial instance status as: STARTING
2025-09-04T16:36:40.596+07:00  INFO 40800 --- [monitor-admin] [restartedMain] [monitor-admin,,]com.netflix.discovery.DiscoveryClient    : Initializing Eureka in region us-east-1
2025-09-04T16:36:40.597+07:00  INFO 40800 --- [monitor-admin] [restartedMain] [monitor-admin,,]c.n.d.s.r.aws.ConfigClusterResolver      : Resolving eureka endpoints via configuration
2025-09-04T16:36:40.599+07:00  INFO 40800 --- [monitor-admin] [restartedMain] [monitor-admin,,]com.netflix.discovery.DiscoveryClient    : Disable delta property : false
2025-09-04T16:36:40.599+07:00  INFO 40800 --- [monitor-admin] [restartedMain] [monitor-admin,,]com.netflix.discovery.DiscoveryClient    : Single vip registry refresh property : null
2025-09-04T16:36:40.600+07:00  INFO 40800 --- [monitor-admin] [restartedMain] [monitor-admin,,]com.netflix.discovery.DiscoveryClient    : Force full registry fetch : false
2025-09-04T16:36:40.600+07:00  INFO 40800 --- [monitor-admin] [restartedMain] [monitor-admin,,]com.netflix.discovery.DiscoveryClient    : Application is null : false
2025-09-04T16:36:40.600+07:00  INFO 40800 --- [monitor-admin] [restartedMain] [monitor-admin,,]com.netflix.discovery.DiscoveryClient    : Registered Applications size is zero : true
2025-09-04T16:36:40.600+07:00  INFO 40800 --- [monitor-admin] [restartedMain] [monitor-admin,,]com.netflix.discovery.DiscoveryClient    : Application version is -1: true
2025-09-04T16:36:40.600+07:00  INFO 40800 --- [monitor-admin] [restartedMain] [monitor-admin,,]com.netflix.discovery.DiscoveryClient    : Getting all instance registry info from the eureka server
2025-09-04T16:36:40.602+07:00  INFO 40802 --- [discovery-service] [restartedMain] [discovery-service,,]o.s.cloud.context.scope.GenericScope     : BeanFactory id=97199747-6fbe-3d76-89c1-99256bc3b620
2025-09-04T16:36:40.676+07:00  INFO 40800 --- [monitor-admin] [restartedMain] [monitor-admin,,]c.n.d.s.t.d.RedirectingEurekaHttpClient  : Request execution error. endpoint=DefaultEndpoint{ serviceUrl='http://localhost:9099/eureka/}, exception=I/O error on GET request for "http://localhost:9099/eureka/apps/": Connect to http://localhost:9099 [localhost/127.0.0.1, localhost/0:0:0:0:0:0:0:1] failed: Connection refused stacktrace=org.springframework.web.client.ResourceAccessException: I/O error on GET request for "http://localhost:9099/eureka/apps/": Connect to http://localhost:9099 [localhost/127.0.0.1, localhost/0:0:0:0:0:0:0:1] failed: Connection refused
	at org.springframework.web.client.RestTemplate.createResourceAccessException(RestTemplate.java:926)
	at org.springframework.web.client.RestTemplate.doExecute(RestTemplate.java:906)
	at org.springframework.web.client.RestTemplate.execute(RestTemplate.java:841)
	at org.springframework.web.client.RestTemplate.exchange(RestTemplate.java:702)
	at org.springframework.cloud.netflix.eureka.http.RestTemplateEurekaHttpClient.getApplicationsInternal(RestTemplateEurekaHttpClient.java:174)
	at org.springframework.cloud.netflix.eureka.http.RestTemplateEurekaHttpClient.getApplications(RestTemplateEurekaHttpClient.java:162)
	at com.netflix.discovery.shared.transport.decorator.EurekaHttpClientDecorator$6.execute(EurekaHttpClientDecorator.java:137)
	at com.netflix.discovery.shared.transport.decorator.RedirectingEurekaHttpClient.executeOnNewServer(RedirectingEurekaHttpClient.java:121)
	at com.netflix.discovery.shared.transport.decorator.RedirectingEurekaHttpClient.execute(RedirectingEurekaHttpClient.java:80)
	at com.netflix.discovery.shared.transport.decorator.EurekaHttpClientDecorator.getApplications(EurekaHttpClientDecorator.java:134)
	at com.netflix.discovery.shared.transport.decorator.EurekaHttpClientDecorator$6.execute(EurekaHttpClientDecorator.java:137)
	at com.netflix.discovery.shared.transport.decorator.RetryableEurekaHttpClient.execute(RetryableEurekaHttpClient.java:120)
	at com.netflix.discovery.shared.transport.decorator.EurekaHttpClientDecorator.getApplications(EurekaHttpClientDecorator.java:134)
	at com.netflix.discovery.shared.transport.decorator.EurekaHttpClientDecorator$6.execute(EurekaHttpClientDecorator.java:137)
	at com.netflix.discovery.shared.transport.decorator.SessionedEurekaHttpClient.execute(SessionedEurekaHttpClient.java:76)
	at com.netflix.discovery.shared.transport.decorator.EurekaHttpClientDecorator.getApplications(EurekaHttpClientDecorator.java:134)
	at com.netflix.discovery.DiscoveryClient.getAndStoreFullRegistry(DiscoveryClient.java:1046)
	at com.netflix.discovery.DiscoveryClient.fetchRegistry(DiscoveryClient.java:961)
	at com.netflix.discovery.DiscoveryClient.<init>(DiscoveryClient.java:410)
	at com.netflix.discovery.DiscoveryClient.<init>(DiscoveryClient.java:245)
	at com.netflix.discovery.DiscoveryClient.<init>(DiscoveryClient.java:240)
	at org.springframework.cloud.netflix.eureka.CloudEurekaClient.<init>(CloudEurekaClient.java:68)
	at org.springframework.cloud.netflix.eureka.EurekaClientAutoConfiguration$RefreshableEurekaClientConfiguration.eurekaClient(EurekaClientAutoConfiguration.java:324)
	at java.base/jdk.internal.reflect.DirectMethodHandleAccessor.invoke(DirectMethodHandleAccessor.java:103)
	at java.base/java.lang.reflect.Method.invoke(Method.java:580)
	at org.springframework.beans.factory.support.SimpleInstantiationStrategy.lambda$instantiate$0(SimpleInstantiationStrategy.java:172)
	at org.springframework.beans.factory.support.SimpleInstantiationStrategy.instantiateWithFactoryMethod(SimpleInstantiationStrategy.java:89)
	at org.springframework.beans.factory.support.SimpleInstantiationStrategy.instantiate(SimpleInstantiationStrategy.java:169)
	at org.springframework.beans.factory.support.ConstructorResolver.instantiate(ConstructorResolver.java:653)
	at org.springframework.beans.factory.support.ConstructorResolver.instantiateUsingFactoryMethod(ConstructorResolver.java:645)
	at org.springframework.beans.factory.support.AbstractAutowireCapableBeanFactory.instantiateUsingFactoryMethod(AbstractAutowireCapableBeanFactory.java:1375)
	at org.springframework.beans.factory.support.AbstractAutowireCapableBeanFactory.createBeanInstance(AbstractAutowireCapableBeanFactory.java:1205)
	at org.springframework.beans.factory.support.AbstractAutowireCapableBeanFactory.doCreateBean(AbstractAutowireCapableBeanFactory.java:569)
	at org.springframework.beans.factory.support.AbstractAutowireCapableBeanFactory.createBean(AbstractAutowireCapableBeanFactory.java:529)
	at org.springframework.beans.factory.support.AbstractBeanFactory.lambda$doGetBean$1(AbstractBeanFactory.java:378)
	at org.springframework.cloud.context.scope.GenericScope$BeanLifecycleWrapper.getBean(GenericScope.java:373)
	at org.springframework.cloud.context.scope.GenericScope.get(GenericScope.java:177)
	at org.springframework.beans.factory.support.AbstractBeanFactory.doGetBean(AbstractBeanFactory.java:375)
	at org.springframework.beans.factory.support.AbstractBeanFactory.getBean(AbstractBeanFactory.java:202)
	at org.springframework.aop.target.SimpleBeanTargetSource.getTarget(SimpleBeanTargetSource.java:35)
	at org.springframework.cloud.netflix.eureka.serviceregistry.EurekaRegistration.getTargetObject(EurekaRegistration.java:128)
	at org.springframework.cloud.netflix.eureka.serviceregistry.EurekaRegistration.getEurekaClient(EurekaRegistration.java:116)
	at java.base/jdk.internal.reflect.DirectMethodHandleAccessor.invoke(DirectMethodHandleAccessor.java:103)
	at java.base/java.lang.reflect.Method.invoke(Method.java:580)
	at org.springframework.util.ReflectionUtils.invokeMethod(ReflectionUtils.java:281)
	at org.springframework.cloud.context.scope.GenericScope$LockedScopedProxyFactoryBean.invoke(GenericScope.java:480)
	at org.springframework.aop.framework.ReflectiveMethodInvocation.proceed(ReflectiveMethodInvocation.java:184)
	at org.springframework.aop.framework.CglibAopProxy$DynamicAdvisedInterceptor.intercept(CglibAopProxy.java:728)
	at org.springframework.cloud.netflix.eureka.serviceregistry.EurekaRegistration$$SpringCGLIB$$0.getEurekaClient(<generated>)
	at org.springframework.cloud.netflix.eureka.serviceregistry.EurekaServiceRegistry.maybeInitializeClient(EurekaServiceRegistry.java:83)
	at org.springframework.cloud.netflix.eureka.serviceregistry.EurekaServiceRegistry.register(EurekaServiceRegistry.java:66)
	at org.springframework.cloud.netflix.eureka.serviceregistry.EurekaAutoServiceRegistration.start(EurekaAutoServiceRegistration.java:89)
	at org.springframework.context.support.DefaultLifecycleProcessor.doStart(DefaultLifecycleProcessor.java:405)
	at org.springframework.context.support.DefaultLifecycleProcessor.doStart(DefaultLifecycleProcessor.java:394)
	at org.springframework.context.support.DefaultLifecycleProcessor$LifecycleGroup.start(DefaultLifecycleProcessor.java:586)
	at java.base/java.lang.Iterable.forEach(Iterable.java:75)
	at org.springframework.context.support.DefaultLifecycleProcessor.startBeans(DefaultLifecycleProcessor.java:364)
	at org.springframework.context.support.DefaultLifecycleProcessor.onRefresh(DefaultLifecycleProcessor.java:310)
	at org.springframework.context.support.AbstractApplicationContext.finishRefresh(AbstractApplicationContext.java:1006)
	at org.springframework.context.support.AbstractApplicationContext.refresh(AbstractApplicationContext.java:630)
	at org.springframework.boot.web.reactive.context.ReactiveWebServerApplicationContext.refresh(ReactiveWebServerApplicationContext.java:66)
	at org.springframework.boot.SpringApplication.refresh(SpringApplication.java:752)
	at org.springframework.boot.SpringApplication.refreshContext(SpringApplication.java:439)
	at org.springframework.boot.SpringApplication.run(SpringApplication.java:318)
	at org.springframework.boot.SpringApplication.run(SpringApplication.java:1361)
	at org.springframework.boot.SpringApplication.run(SpringApplication.java:1350)
	at huydv.jmaster.MonitorAdmin.MonitorAdminApplication.main(MonitorAdminApplication.java:24)
	at java.base/jdk.internal.reflect.DirectMethodHandleAccessor.invoke(DirectMethodHandleAccessor.java:103)
	at java.base/java.lang.reflect.Method.invoke(Method.java:580)
	at org.springframework.boot.devtools.restart.RestartLauncher.run(RestartLauncher.java:50)
Caused by: org.apache.hc.client5.http.HttpHostConnectException: Connect to http://localhost:9099 [localhost/127.0.0.1, localhost/0:0:0:0:0:0:0:1] failed: Connection refused
	at java.base/sun.nio.ch.Net.pollConnect(Native Method)
	at java.base/sun.nio.ch.Net.pollConnectNow(Net.java:682)
	at java.base/sun.nio.ch.NioSocketImpl.timedFinishConnect(NioSocketImpl.java:549)
	at java.base/sun.nio.ch.NioSocketImpl.connect(NioSocketImpl.java:592)
	at java.base/java.net.SocksSocketImpl.connect(SocksSocketImpl.java:327)
	at java.base/java.net.Socket.connect(Socket.java:760)
	at org.apache.hc.client5.http.impl.io.DefaultHttpClientConnectionOperator.connect(DefaultHttpClientConnectionOperator.java:216)
	at org.apache.hc.client5.http.impl.io.PoolingHttpClientConnectionManager.connect(PoolingHttpClientConnectionManager.java:490)
	at org.apache.hc.client5.http.impl.classic.InternalExecRuntime.connectEndpoint(InternalExecRuntime.java:164)
	at org.apache.hc.client5.http.impl.classic.InternalExecRuntime.connectEndpoint(InternalExecRuntime.java:174)
	at org.apache.hc.client5.http.impl.classic.ConnectExec.execute(ConnectExec.java:144)
	at org.apache.hc.client5.http.impl.classic.ExecChainElement.execute(ExecChainElement.java:51)
	at org.apache.hc.client5.http.impl.classic.ProtocolExec.execute(ProtocolExec.java:192)
	at org.apache.hc.client5.http.impl.classic.ExecChainElement.execute(ExecChainElement.java:51)
	at org.apache.hc.client5.http.impl.classic.ContentCompressionExec.execute(ContentCompressionExec.java:150)
	at org.apache.hc.client5.http.impl.classic.ExecChainElement.execute(ExecChainElement.java:51)
	at org.apache.hc.client5.http.impl.classic.HttpRequestRetryExec.execute(HttpRequestRetryExec.java:113)
	at org.apache.hc.client5.http.impl.classic.ExecChainElement.execute(ExecChainElement.java:51)
	at org.apache.hc.client5.http.impl.classic.RedirectExec.execute(RedirectExec.java:110)
	at org.apache.hc.client5.http.impl.classic.ExecChainElement.execute(ExecChainElement.java:51)
	at org.apache.hc.client5.http.impl.classic.InternalHttpClient.doExecute(InternalHttpClient.java:183)
	at org.apache.hc.client5.http.impl.classic.CloseableHttpClient.execute(CloseableHttpClient.java:87)
	at org.apache.hc.client5.http.impl.classic.CloseableHttpClient.execute(CloseableHttpClient.java:55)
	at org.apache.hc.client5.http.classic.HttpClient.executeOpen(HttpClient.java:183)
	at org.springframework.http.client.HttpComponentsClientHttpRequest.executeInternal(HttpComponentsClientHttpRequest.java:99)
	at org.springframework.http.client.AbstractStreamingClientHttpRequest.executeInternal(AbstractStreamingClientHttpRequest.java:71)
	at org.springframework.http.client.AbstractClientHttpRequest.execute(AbstractClientHttpRequest.java:81)
	at org.springframework.http.client.InterceptingClientHttpRequest$InterceptingRequestExecution.execute(InterceptingClientHttpRequest.java:117)
	at org.springframework.cloud.netflix.eureka.http.RestTemplateTransportClientFactory.lambda$restTemplate$2(RestTemplateTransportClientFactory.java:145)
	at org.springframework.http.client.InterceptingClientHttpRequest$InterceptingRequestExecution.execute(InterceptingClientHttpRequest.java:88)
	at org.springframework.http.client.InterceptingClientHttpRequest.executeInternal(InterceptingClientHttpRequest.java:72)
	at org.springframework.http.client.AbstractBufferingClientHttpRequest.executeInternal(AbstractBufferingClientHttpRequest.java:48)
	at org.springframework.http.client.AbstractClientHttpRequest.execute(AbstractClientHttpRequest.java:81)
	at org.springframework.web.client.RestTemplate.doExecute(RestTemplate.java:900)
	... 68 more

2025-09-04T16:36:40.676+07:00  WARN 40800 --- [monitor-admin] [restartedMain] [monitor-admin,,]c.n.d.s.t.d.RetryableEurekaHttpClient    : Request execution failed with message: I/O error on GET request for "http://localhost:9099/eureka/apps/": Connect to http://localhost:9099 [localhost/127.0.0.1, localhost/0:0:0:0:0:0:0:1] failed: Connection refused
2025-09-04T16:36:40.676+07:00  INFO 40800 --- [monitor-admin] [restartedMain] [monitor-admin,,]com.netflix.discovery.DiscoveryClient    : DiscoveryClient_MONITOR-ADMIN/172.16.113.88:monitor-admin:9000 - was unable to refresh its cache! This periodic background refresh will be retried in 30 seconds. status = Cannot execute request on any known server stacktrace = com.netflix.discovery.shared.transport.TransportException: Cannot execute request on any known server
	at com.netflix.discovery.shared.transport.decorator.RetryableEurekaHttpClient.execute(RetryableEurekaHttpClient.java:112)
	at com.netflix.discovery.shared.transport.decorator.EurekaHttpClientDecorator.getApplications(EurekaHttpClientDecorator.java:134)
	at com.netflix.discovery.shared.transport.decorator.EurekaHttpClientDecorator$6.execute(EurekaHttpClientDecorator.java:137)
	at com.netflix.discovery.shared.transport.decorator.SessionedEurekaHttpClient.execute(SessionedEurekaHttpClient.java:76)
	at com.netflix.discovery.shared.transport.decorator.EurekaHttpClientDecorator.getApplications(EurekaHttpClientDecorator.java:134)
	at com.netflix.discovery.DiscoveryClient.getAndStoreFullRegistry(DiscoveryClient.java:1046)
	at com.netflix.discovery.DiscoveryClient.fetchRegistry(DiscoveryClient.java:961)
	at com.netflix.discovery.DiscoveryClient.<init>(DiscoveryClient.java:410)
	at com.netflix.discovery.DiscoveryClient.<init>(DiscoveryClient.java:245)
	at com.netflix.discovery.DiscoveryClient.<init>(DiscoveryClient.java:240)
	at org.springframework.cloud.netflix.eureka.CloudEurekaClient.<init>(CloudEurekaClient.java:68)
	at org.springframework.cloud.netflix.eureka.EurekaClientAutoConfiguration$RefreshableEurekaClientConfiguration.eurekaClient(EurekaClientAutoConfiguration.java:324)
	at java.base/jdk.internal.reflect.DirectMethodHandleAccessor.invoke(DirectMethodHandleAccessor.java:103)
	at java.base/java.lang.reflect.Method.invoke(Method.java:580)
	at org.springframework.beans.factory.support.SimpleInstantiationStrategy.lambda$instantiate$0(SimpleInstantiationStrategy.java:172)
	at org.springframework.beans.factory.support.SimpleInstantiationStrategy.instantiateWithFactoryMethod(SimpleInstantiationStrategy.java:89)
	at org.springframework.beans.factory.support.SimpleInstantiationStrategy.instantiate(SimpleInstantiationStrategy.java:169)
	at org.springframework.beans.factory.support.ConstructorResolver.instantiate(ConstructorResolver.java:653)
	at org.springframework.beans.factory.support.ConstructorResolver.instantiateUsingFactoryMethod(ConstructorResolver.java:645)
	at org.springframework.beans.factory.support.AbstractAutowireCapableBeanFactory.instantiateUsingFactoryMethod(AbstractAutowireCapableBeanFactory.java:1375)
	at org.springframework.beans.factory.support.AbstractAutowireCapableBeanFactory.createBeanInstance(AbstractAutowireCapableBeanFactory.java:1205)
	at org.springframework.beans.factory.support.AbstractAutowireCapableBeanFactory.doCreateBean(AbstractAutowireCapableBeanFactory.java:569)
	at org.springframework.beans.factory.support.AbstractAutowireCapableBeanFactory.createBean(AbstractAutowireCapableBeanFactory.java:529)
	at org.springframework.beans.factory.support.AbstractBeanFactory.lambda$doGetBean$1(AbstractBeanFactory.java:378)
	at org.springframework.cloud.context.scope.GenericScope$BeanLifecycleWrapper.getBean(GenericScope.java:373)
	at org.springframework.cloud.context.scope.GenericScope.get(GenericScope.java:177)
	at org.springframework.beans.factory.support.AbstractBeanFactory.doGetBean(AbstractBeanFactory.java:375)
	at org.springframework.beans.factory.support.AbstractBeanFactory.getBean(AbstractBeanFactory.java:202)
	at org.springframework.aop.target.SimpleBeanTargetSource.getTarget(SimpleBeanTargetSource.java:35)
	at org.springframework.cloud.netflix.eureka.serviceregistry.EurekaRegistration.getTargetObject(EurekaRegistration.java:128)
	at org.springframework.cloud.netflix.eureka.serviceregistry.EurekaRegistration.getEurekaClient(EurekaRegistration.java:116)
	at java.base/jdk.internal.reflect.DirectMethodHandleAccessor.invoke(DirectMethodHandleAccessor.java:103)
	at java.base/java.lang.reflect.Method.invoke(Method.java:580)
	at org.springframework.util.ReflectionUtils.invokeMethod(ReflectionUtils.java:281)
	at org.springframework.cloud.context.scope.GenericScope$LockedScopedProxyFactoryBean.invoke(GenericScope.java:480)
	at org.springframework.aop.framework.ReflectiveMethodInvocation.proceed(ReflectiveMethodInvocation.java:184)
	at org.springframework.aop.framework.CglibAopProxy$DynamicAdvisedInterceptor.intercept(CglibAopProxy.java:728)
	at org.springframework.cloud.netflix.eureka.serviceregistry.EurekaRegistration$$SpringCGLIB$$0.getEurekaClient(<generated>)
	at org.springframework.cloud.netflix.eureka.serviceregistry.EurekaServiceRegistry.maybeInitializeClient(EurekaServiceRegistry.java:83)
	at org.springframework.cloud.netflix.eureka.serviceregistry.EurekaServiceRegistry.register(EurekaServiceRegistry.java:66)
	at org.springframework.cloud.netflix.eureka.serviceregistry.EurekaAutoServiceRegistration.start(EurekaAutoServiceRegistration.java:89)
	at org.springframework.context.support.DefaultLifecycleProcessor.doStart(DefaultLifecycleProcessor.java:405)
	at org.springframework.context.support.DefaultLifecycleProcessor.doStart(DefaultLifecycleProcessor.java:394)
	at org.springframework.context.support.DefaultLifecycleProcessor$LifecycleGroup.start(DefaultLifecycleProcessor.java:586)
	at java.base/java.lang.Iterable.forEach(Iterable.java:75)
	at org.springframework.context.support.DefaultLifecycleProcessor.startBeans(DefaultLifecycleProcessor.java:364)
	at org.springframework.context.support.DefaultLifecycleProcessor.onRefresh(DefaultLifecycleProcessor.java:310)
	at org.springframework.context.support.AbstractApplicationContext.finishRefresh(AbstractApplicationContext.java:1006)
	at org.springframework.context.support.AbstractApplicationContext.refresh(AbstractApplicationContext.java:630)
	at org.springframework.boot.web.reactive.context.ReactiveWebServerApplicationContext.refresh(ReactiveWebServerApplicationContext.java:66)
	at org.springframework.boot.SpringApplication.refresh(SpringApplication.java:752)
	at org.springframework.boot.SpringApplication.refreshContext(SpringApplication.java:439)
	at org.springframework.boot.SpringApplication.run(SpringApplication.java:318)
	at org.springframework.boot.SpringApplication.run(SpringApplication.java:1361)
	at org.springframework.boot.SpringApplication.run(SpringApplication.java:1350)
	at huydv.jmaster.MonitorAdmin.MonitorAdminApplication.main(MonitorAdminApplication.java:24)
	at java.base/jdk.internal.reflect.DirectMethodHandleAccessor.invoke(DirectMethodHandleAccessor.java:103)
	at java.base/java.lang.reflect.Method.invoke(Method.java:580)
	at org.springframework.boot.devtools.restart.RestartLauncher.run(RestartLauncher.java:50)

2025-09-04T16:36:40.676+07:00  INFO 40800 --- [monitor-admin] [restartedMain] [monitor-admin,,]com.netflix.discovery.DiscoveryClient    : Initial registry fetch from primary servers failed
2025-09-04T16:36:40.676+07:00  WARN 40800 --- [monitor-admin] [restartedMain] [monitor-admin,,]com.netflix.discovery.DiscoveryClient    : Using default backup registry implementation which does not do anything.
2025-09-04T16:36:40.676+07:00  INFO 40800 --- [monitor-admin] [restartedMain] [monitor-admin,,]com.netflix.discovery.DiscoveryClient    : Initial registry fetch from backup servers failed
2025-09-04T16:36:40.677+07:00  INFO 40800 --- [monitor-admin] [restartedMain] [monitor-admin,,]com.netflix.discovery.DiscoveryClient    : Starting heartbeat executor: renew interval is: 30
2025-09-04T16:36:40.677+07:00  INFO 40800 --- [monitor-admin] [restartedMain] [monitor-admin,,]c.n.discovery.InstanceInfoReplicator     : InstanceInfoReplicator onDemand update allowed rate per min is 4
2025-09-04T16:36:40.677+07:00  INFO 40800 --- [monitor-admin] [restartedMain] [monitor-admin,,]com.netflix.discovery.DiscoveryClient    : Discovery Client initialized at timestamp 1756978600677 with initial instances count: 0
2025-09-04T16:36:40.679+07:00  INFO 40800 --- [monitor-admin] [restartedMain] [monitor-admin,,]o.s.c.n.e.s.EurekaServiceRegistry        : Registering application MONITOR-ADMIN with eureka with status UP
2025-09-04T16:36:40.679+07:00  INFO 40800 --- [monitor-admin] [restartedMain] [monitor-admin,,]com.netflix.discovery.DiscoveryClient    : Saw local status change event StatusChangeEvent [timestamp=1756978600679, current=UP, previous=STARTING]
2025-09-04T16:36:40.679+07:00  INFO 40800 --- [monitor-admin] [DiscoveryClient-InstanceInfoReplicator-%d] [monitor-admin,,]com.netflix.discovery.DiscoveryClient    : DiscoveryClient_MONITOR-ADMIN/172.16.113.88:monitor-admin:9000: registering service...
2025-09-04T16:36:40.691+07:00  INFO 40800 --- [monitor-admin] [DiscoveryClient-InstanceInfoReplicator-%d] [monitor-admin,,]c.n.d.s.t.d.RedirectingEurekaHttpClient  : Request execution error. endpoint=DefaultEndpoint{ serviceUrl='http://localhost:9099/eureka/}, exception=I/O error on POST request for "http://localhost:9099/eureka/apps/MONITOR-ADMIN": Connect to http://localhost:9099 [localhost/127.0.0.1, localhost/0:0:0:0:0:0:0:1] failed: Connection refused stacktrace=org.springframework.web.client.ResourceAccessException: I/O error on POST request for "http://localhost:9099/eureka/apps/MONITOR-ADMIN": Connect to http://localhost:9099 [localhost/127.0.0.1, localhost/0:0:0:0:0:0:0:1] failed: Connection refused
	at org.springframework.web.client.RestTemplate.createResourceAccessException(RestTemplate.java:926)
	at org.springframework.web.client.RestTemplate.doExecute(RestTemplate.java:906)
	at org.springframework.web.client.RestTemplate.execute(RestTemplate.java:841)
	at org.springframework.web.client.RestTemplate.exchange(RestTemplate.java:702)
	at org.springframework.cloud.netflix.eureka.http.RestTemplateEurekaHttpClient.register(RestTemplateEurekaHttpClient.java:87)
	at com.netflix.discovery.shared.transport.decorator.EurekaHttpClientDecorator$1.execute(EurekaHttpClientDecorator.java:59)
	at com.netflix.discovery.shared.transport.decorator.RedirectingEurekaHttpClient.executeOnNewServer(RedirectingEurekaHttpClient.java:121)
	at com.netflix.discovery.shared.transport.decorator.RedirectingEurekaHttpClient.execute(RedirectingEurekaHttpClient.java:80)
	at com.netflix.discovery.shared.transport.decorator.EurekaHttpClientDecorator.register(EurekaHttpClientDecorator.java:56)
	at com.netflix.discovery.shared.transport.decorator.EurekaHttpClientDecorator$1.execute(EurekaHttpClientDecorator.java:59)
	at com.netflix.discovery.shared.transport.decorator.RetryableEurekaHttpClient.execute(RetryableEurekaHttpClient.java:120)
	at com.netflix.discovery.shared.transport.decorator.EurekaHttpClientDecorator.register(EurekaHttpClientDecorator.java:56)
	at com.netflix.discovery.shared.transport.decorator.EurekaHttpClientDecorator$1.execute(EurekaHttpClientDecorator.java:59)
	at com.netflix.discovery.shared.transport.decorator.SessionedEurekaHttpClient.execute(SessionedEurekaHttpClient.java:76)
	at com.netflix.discovery.shared.transport.decorator.EurekaHttpClientDecorator.register(EurekaHttpClientDecorator.java:56)
	at com.netflix.discovery.DiscoveryClient.register(DiscoveryClient.java:828)
	at com.netflix.discovery.InstanceInfoReplicator.run(InstanceInfoReplicator.java:125)
	at com.netflix.discovery.InstanceInfoReplicator$2.run(InstanceInfoReplicator.java:105)
	at java.base/java.util.concurrent.Executors$RunnableAdapter.call(Executors.java:572)
	at java.base/java.util.concurrent.FutureTask.run(FutureTask.java:317)
	at java.base/java.util.concurrent.ScheduledThreadPoolExecutor$ScheduledFutureTask.run(ScheduledThreadPoolExecutor.java:304)
	at java.base/java.util.concurrent.ThreadPoolExecutor.runWorker(ThreadPoolExecutor.java:1144)
	at java.base/java.util.concurrent.ThreadPoolExecutor$Worker.run(ThreadPoolExecutor.java:642)
	at java.base/java.lang.Thread.run(Thread.java:1575)
Caused by: org.apache.hc.client5.http.HttpHostConnectException: Connect to http://localhost:9099 [localhost/127.0.0.1, localhost/0:0:0:0:0:0:0:1] failed: Connection refused
	at java.base/sun.nio.ch.Net.pollConnect(Native Method)
	at java.base/sun.nio.ch.Net.pollConnectNow(Net.java:682)
	at java.base/sun.nio.ch.NioSocketImpl.timedFinishConnect(NioSocketImpl.java:542)
	at java.base/sun.nio.ch.NioSocketImpl.connect(NioSocketImpl.java:592)
	at java.base/java.net.SocksSocketImpl.connect(SocksSocketImpl.java:327)
	at java.base/java.net.Socket.connect(Socket.java:760)
	at org.apache.hc.client5.http.impl.io.DefaultHttpClientConnectionOperator.connect(DefaultHttpClientConnectionOperator.java:216)
	at org.apache.hc.client5.http.impl.io.PoolingHttpClientConnectionManager.connect(PoolingHttpClientConnectionManager.java:490)
	at org.apache.hc.client5.http.impl.classic.InternalExecRuntime.connectEndpoint(InternalExecRuntime.java:164)
	at org.apache.hc.client5.http.impl.classic.InternalExecRuntime.connectEndpoint(InternalExecRuntime.java:174)
	at org.apache.hc.client5.http.impl.classic.ConnectExec.execute(ConnectExec.java:144)
	at org.apache.hc.client5.http.impl.classic.ExecChainElement.execute(ExecChainElement.java:51)
	at org.apache.hc.client5.http.impl.classic.ProtocolExec.execute(ProtocolExec.java:192)
	at org.apache.hc.client5.http.impl.classic.ExecChainElement.execute(ExecChainElement.java:51)
	at org.apache.hc.client5.http.impl.classic.ContentCompressionExec.execute(ContentCompressionExec.java:150)
	at org.apache.hc.client5.http.impl.classic.ExecChainElement.execute(ExecChainElement.java:51)
	at org.apache.hc.client5.http.impl.classic.HttpRequestRetryExec.execute(HttpRequestRetryExec.java:113)
	at org.apache.hc.client5.http.impl.classic.ExecChainElement.execute(ExecChainElement.java:51)
	at org.apache.hc.client5.http.impl.classic.RedirectExec.execute(RedirectExec.java:110)
	at org.apache.hc.client5.http.impl.classic.ExecChainElement.execute(ExecChainElement.java:51)
	at org.apache.hc.client5.http.impl.classic.InternalHttpClient.doExecute(InternalHttpClient.java:183)
	at org.apache.hc.client5.http.impl.classic.CloseableHttpClient.execute(CloseableHttpClient.java:87)
	at org.apache.hc.client5.http.impl.classic.CloseableHttpClient.execute(CloseableHttpClient.java:55)
	at org.apache.hc.client5.http.classic.HttpClient.executeOpen(HttpClient.java:183)
	at org.springframework.http.client.HttpComponentsClientHttpRequest.executeInternal(HttpComponentsClientHttpRequest.java:99)
	at org.springframework.http.client.AbstractStreamingClientHttpRequest.executeInternal(AbstractStreamingClientHttpRequest.java:71)
	at org.springframework.http.client.AbstractClientHttpRequest.execute(AbstractClientHttpRequest.java:81)
	at org.springframework.http.client.InterceptingClientHttpRequest$InterceptingRequestExecution.execute(InterceptingClientHttpRequest.java:117)
	at org.springframework.cloud.netflix.eureka.http.RestTemplateTransportClientFactory.lambda$restTemplate$2(RestTemplateTransportClientFactory.java:145)
	at org.springframework.http.client.InterceptingClientHttpRequest$InterceptingRequestExecution.execute(InterceptingClientHttpRequest.java:88)
	at org.springframework.http.client.InterceptingClientHttpRequest.executeInternal(InterceptingClientHttpRequest.java:72)
	at org.springframework.http.client.AbstractBufferingClientHttpRequest.executeInternal(AbstractBufferingClientHttpRequest.java:48)
	at org.springframework.http.client.AbstractClientHttpRequest.execute(AbstractClientHttpRequest.java:81)
	at org.springframework.web.client.RestTemplate.doExecute(RestTemplate.java:900)
	... 22 more

2025-09-04T16:36:40.691+07:00  WARN 40800 --- [monitor-admin] [DiscoveryClient-InstanceInfoReplicator-%d] [monitor-admin,,]c.n.d.s.t.d.RetryableEurekaHttpClient    : Request execution failed with message: I/O error on POST request for "http://localhost:9099/eureka/apps/MONITOR-ADMIN": Connect to http://localhost:9099 [localhost/127.0.0.1, localhost/0:0:0:0:0:0:0:1] failed: Connection refused
2025-09-04T16:36:40.691+07:00  WARN 40800 --- [monitor-admin] [DiscoveryClient-InstanceInfoReplicator-%d] [monitor-admin,,]com.netflix.discovery.DiscoveryClient    : DiscoveryClient_MONITOR-ADMIN/172.16.113.88:monitor-admin:9000 - registration failed Cannot execute request on any known server

com.netflix.discovery.shared.transport.TransportException: Cannot execute request on any known server
	at com.netflix.discovery.shared.transport.decorator.RetryableEurekaHttpClient.execute(RetryableEurekaHttpClient.java:112) ~[eureka-client-2.0.5.jar:2.0.5]
	at com.netflix.discovery.shared.transport.decorator.EurekaHttpClientDecorator.register(EurekaHttpClientDecorator.java:56) ~[eureka-client-2.0.5.jar:2.0.5]
	at com.netflix.discovery.shared.transport.decorator.EurekaHttpClientDecorator$1.execute(EurekaHttpClientDecorator.java:59) ~[eureka-client-2.0.5.jar:2.0.5]
	at com.netflix.discovery.shared.transport.decorator.SessionedEurekaHttpClient.execute(SessionedEurekaHttpClient.java:76) ~[eureka-client-2.0.5.jar:2.0.5]
	at com.netflix.discovery.shared.transport.decorator.EurekaHttpClientDecorator.register(EurekaHttpClientDecorator.java:56) ~[eureka-client-2.0.5.jar:2.0.5]
	at com.netflix.discovery.DiscoveryClient.register(DiscoveryClient.java:828) ~[eureka-client-2.0.5.jar:2.0.5]
	at com.netflix.discovery.InstanceInfoReplicator.run(InstanceInfoReplicator.java:125) ~[eureka-client-2.0.5.jar:2.0.5]
	at com.netflix.discovery.InstanceInfoReplicator$2.run(InstanceInfoReplicator.java:105) ~[eureka-client-2.0.5.jar:2.0.5]
	at java.base/java.util.concurrent.Executors$RunnableAdapter.call(Executors.java:572) ~[na:na]
	at java.base/java.util.concurrent.FutureTask.run(FutureTask.java:317) ~[na:na]
	at java.base/java.util.concurrent.ScheduledThreadPoolExecutor$ScheduledFutureTask.run(ScheduledThreadPoolExecutor.java:304) ~[na:na]
	at java.base/java.util.concurrent.ThreadPoolExecutor.runWorker(ThreadPoolExecutor.java:1144) ~[na:na]
	at java.base/java.util.concurrent.ThreadPoolExecutor$Worker.run(ThreadPoolExecutor.java:642) ~[na:na]
	at java.base/java.lang.Thread.run(Thread.java:1575) ~[na:na]

2025-09-04T16:36:40.693+07:00  WARN 40800 --- [monitor-admin] [DiscoveryClient-InstanceInfoReplicator-%d] [monitor-admin,,]c.n.discovery.InstanceInfoReplicator     : There was a problem with the instance info replicator

com.netflix.discovery.shared.transport.TransportException: Cannot execute request on any known server
	at com.netflix.discovery.shared.transport.decorator.RetryableEurekaHttpClient.execute(RetryableEurekaHttpClient.java:112) ~[eureka-client-2.0.5.jar:2.0.5]
	at com.netflix.discovery.shared.transport.decorator.EurekaHttpClientDecorator.register(EurekaHttpClientDecorator.java:56) ~[eureka-client-2.0.5.jar:2.0.5]
	at com.netflix.discovery.shared.transport.decorator.EurekaHttpClientDecorator$1.execute(EurekaHttpClientDecorator.java:59) ~[eureka-client-2.0.5.jar:2.0.5]
	at com.netflix.discovery.shared.transport.decorator.SessionedEurekaHttpClient.execute(SessionedEurekaHttpClient.java:76) ~[eureka-client-2.0.5.jar:2.0.5]
	at com.netflix.discovery.shared.transport.decorator.EurekaHttpClientDecorator.register(EurekaHttpClientDecorator.java:56) ~[eureka-client-2.0.5.jar:2.0.5]
	at com.netflix.discovery.DiscoveryClient.register(DiscoveryClient.java:828) ~[eureka-client-2.0.5.jar:2.0.5]
	at com.netflix.discovery.InstanceInfoReplicator.run(InstanceInfoReplicator.java:125) ~[eureka-client-2.0.5.jar:2.0.5]
	at com.netflix.discovery.InstanceInfoReplicator$2.run(InstanceInfoReplicator.java:105) ~[eureka-client-2.0.5.jar:2.0.5]
	at java.base/java.util.concurrent.Executors$RunnableAdapter.call(Executors.java:572) ~[na:na]
	at java.base/java.util.concurrent.FutureTask.run(FutureTask.java:317) ~[na:na]
	at java.base/java.util.concurrent.ScheduledThreadPoolExecutor$ScheduledFutureTask.run(ScheduledThreadPoolExecutor.java:304) ~[na:na]
	at java.base/java.util.concurrent.ThreadPoolExecutor.runWorker(ThreadPoolExecutor.java:1144) ~[na:na]
	at java.base/java.util.concurrent.ThreadPoolExecutor$Worker.run(ThreadPoolExecutor.java:642) ~[na:na]
	at java.base/java.lang.Thread.run(Thread.java:1575) ~[na:na]

2025-09-04T16:36:40.716+07:00 ERROR 40800 --- [monitor-admin] [restartedMain] [monitor-admin,,]i.n.r.d.DnsServerAddressStreamProviders  : Unable to load io.netty.resolver.dns.macos.MacOSDnsServerAddressStreamProvider, fallback to system defaults. This may result in incorrect DNS resolutions on MacOS. Check whether you have a dependency on 'io.netty:netty-resolver-dns-native-macos'. Use DEBUG level to see the full stack: java.lang.UnsatisfiedLinkError: failed to load the required native library
2025-09-04T16:36:40.730+07:00  INFO 40802 --- [discovery-service] [restartedMain] [discovery-service,,]o.s.b.w.embedded.tomcat.TomcatWebServer  : Tomcat initialized with port 9099 (http)
2025-09-04T16:36:40.735+07:00  INFO 40802 --- [discovery-service] [restartedMain] [discovery-service,,]o.apache.catalina.core.StandardService   : Starting service [Tomcat]
2025-09-04T16:36:40.736+07:00  INFO 40802 --- [discovery-service] [restartedMain] [discovery-service,,]o.apache.catalina.core.StandardEngine    : Starting Servlet engine: [Apache Tomcat/10.1.43]
2025-09-04T16:36:40.740+07:00  INFO 40800 --- [monitor-admin] [restartedMain] [monitor-admin,,]o.s.b.web.embedded.netty.NettyWebServer  : Netty started on port 9000 (http)
2025-09-04T16:36:40.740+07:00  INFO 40800 --- [monitor-admin] [restartedMain] [monitor-admin,,].s.c.n.e.s.EurekaAutoServiceRegistration : Updating port to 9000
2025-09-04T16:36:40.749+07:00  INFO 40800 --- [monitor-admin] [restartedMain] [monitor-admin,,]h.j.M.MonitorAdminApplication            : Started MonitorAdminApplication in 1.432 seconds (process running for 1.737)
2025-09-04T16:36:40.749+07:00  INFO 40802 --- [discovery-service] [restartedMain] [discovery-service,,]o.a.c.c.C.[Tomcat].[localhost].[/]       : Initializing Spring embedded WebApplicationContext
2025-09-04T16:36:40.750+07:00  INFO 40802 --- [discovery-service] [restartedMain] [discovery-service,,]w.s.c.ServletWebServerApplicationContext : Root WebApplicationContext: initialization completed in 473 ms
2025-09-04T16:36:40.752+07:00  INFO 40800 --- [monitor-admin] [restartedMain] [monitor-admin,,]h.j.M.MonitorAdminApplication            : 
----------------------------------------------------------
	Application 'monitor-admin' is running! Access URLs:
	Local: 		http://localhost:9000/
	External: 	http://127.0.0.1:9000/
	Profile(s): 	[]
----------------------------------------------------------
2025-09-04T16:36:41.036+07:00  INFO 40802 --- [discovery-service] [restartedMain] [discovery-service,,]c.n.d.provider.DiscoveryJerseyProvider   : Using JSON encoding codec LegacyJacksonJson
2025-09-04T16:36:41.037+07:00  INFO 40802 --- [discovery-service] [restartedMain] [discovery-service,,]c.n.d.provider.DiscoveryJerseyProvider   : Using JSON decoding codec LegacyJacksonJson
2025-09-04T16:36:41.097+07:00  INFO 40802 --- [discovery-service] [restartedMain] [discovery-service,,]c.n.d.provider.DiscoveryJerseyProvider   : Using XML encoding codec XStreamXml
2025-09-04T16:36:41.097+07:00  INFO 40802 --- [discovery-service] [restartedMain] [discovery-service,,]c.n.d.provider.DiscoveryJerseyProvider   : Using XML decoding codec XStreamXml
2025-09-04T16:36:41.150+07:00  INFO 40802 --- [discovery-service] [restartedMain] [discovery-service,,]o.s.v.b.OptionalValidatorFactoryBean     : Failed to set up a Bean Validation provider: jakarta.validation.NoProviderFoundException: Unable to create a Configuration, because no Jakarta Bean Validation provider could be found. Add a provider like Hibernate Validator (RI) to your classpath.
2025-09-04T16:36:41.369+07:00  WARN 40802 --- [discovery-service] [restartedMain] [discovery-service,,]o.s.b.d.a.OptionalLiveReloadServer       : Unable to start LiveReload server
2025-09-04T16:36:41.383+07:00  WARN 40802 --- [discovery-service] [restartedMain] [discovery-service,,]iguration$LoadBalancerCaffeineWarnLogger : Spring Cloud LoadBalancer is currently working with the default cache. While this cache implementation is useful for development and tests, it's recommended to use Caffeine cache in production.You can switch to using Caffeine cache, by adding it and org.springframework.cache.caffeine.CaffeineCacheManager to the classpath.
2025-09-04T16:36:41.388+07:00  INFO 40802 --- [discovery-service] [restartedMain] [discovery-service,,]o.s.c.n.eureka.InstanceInfoFactory       : Setting initial instance status as: STARTING
2025-09-04T16:36:41.393+07:00  INFO 40802 --- [discovery-service] [restartedMain] [discovery-service,,]com.netflix.discovery.DiscoveryClient    : Initializing Eureka in region us-east-1
2025-09-04T16:36:41.393+07:00  INFO 40802 --- [discovery-service] [restartedMain] [discovery-service,,]com.netflix.discovery.DiscoveryClient    : Client configured to neither register nor query for data.
2025-09-04T16:36:41.394+07:00  INFO 40802 --- [discovery-service] [restartedMain] [discovery-service,,]com.netflix.discovery.DiscoveryClient    : Discovery Client initialized at timestamp 1756978601394 with initial instances count: 0
2025-09-04T16:36:41.406+07:00  INFO 40802 --- [discovery-service] [restartedMain] [discovery-service,,]c.n.eureka.DefaultEurekaServerContext    : Initializing ...
2025-09-04T16:36:41.406+07:00  INFO 40802 --- [discovery-service] [restartedMain] [discovery-service,,]c.n.eureka.cluster.PeerEurekaNodes       : Adding new peer nodes [http://localhost:9099/eureka/]
2025-09-04T16:36:41.441+07:00  INFO 40802 --- [discovery-service] [restartedMain] [discovery-service,,]c.n.d.provider.DiscoveryJerseyProvider   : Using JSON encoding codec LegacyJacksonJson
2025-09-04T16:36:41.442+07:00  INFO 40802 --- [discovery-service] [restartedMain] [discovery-service,,]c.n.d.provider.DiscoveryJerseyProvider   : Using JSON decoding codec LegacyJacksonJson
2025-09-04T16:36:41.442+07:00  INFO 40802 --- [discovery-service] [restartedMain] [discovery-service,,]c.n.d.provider.DiscoveryJerseyProvider   : Using XML encoding codec XStreamXml
2025-09-04T16:36:41.442+07:00  INFO 40802 --- [discovery-service] [restartedMain] [discovery-service,,]c.n.d.provider.DiscoveryJerseyProvider   : Using XML decoding codec XStreamXml
2025-09-04T16:36:41.457+07:00  INFO 40802 --- [discovery-service] [restartedMain] [discovery-service,,]c.n.eureka.cluster.PeerEurekaNodes       : Replica node URL:  http://localhost:9099/eureka/
2025-09-04T16:36:41.462+07:00  INFO 40802 --- [discovery-service] [restartedMain] [discovery-service,,]c.n.e.registry.AbstractInstanceRegistry  : Finished initializing remote region registries. All known remote regions: []
2025-09-04T16:36:41.462+07:00  INFO 40802 --- [discovery-service] [restartedMain] [discovery-service,,]c.n.eureka.DefaultEurekaServerContext    : Initialized
2025-09-04T16:36:41.465+07:00  INFO 40802 --- [discovery-service] [restartedMain] [discovery-service,,]o.s.b.a.e.web.EndpointLinksResolver      : Exposing 18 endpoints beneath base path '/actuator'
2025-09-04T16:36:41.489+07:00  INFO 40802 --- [discovery-service] [restartedMain] [discovery-service,,]o.s.c.n.e.s.EurekaServiceRegistry        : Registering application DISCOVERY-SERVICE with eureka with status UP
2025-09-04T16:36:41.492+07:00  INFO 40802 --- [discovery-service] [Thread-13] [discovery-service,,]o.s.c.n.e.server.EurekaServerBootstrap   : isAws returned false
2025-09-04T16:36:41.493+07:00  INFO 40802 --- [discovery-service] [Thread-13] [discovery-service,,]o.s.c.n.e.server.EurekaServerBootstrap   : Initialized server context
2025-09-04T16:36:41.493+07:00  INFO 40802 --- [discovery-service] [Thread-13] [discovery-service,,]c.n.e.r.PeerAwareInstanceRegistryImpl    : Got 1 instances from neighboring DS node
2025-09-04T16:36:41.493+07:00  INFO 40802 --- [discovery-service] [Thread-13] [discovery-service,,]c.n.e.r.PeerAwareInstanceRegistryImpl    : Renew threshold is: 1
2025-09-04T16:36:41.493+07:00  INFO 40802 --- [discovery-service] [Thread-13] [discovery-service,,]c.n.e.r.PeerAwareInstanceRegistryImpl    : Changing status to UP
2025-09-04T16:36:41.493+07:00  INFO 40802 --- [discovery-service] [Thread-13] [discovery-service,,]e.s.EurekaServerInitializerConfiguration : Started Eureka Server
2025-09-04T16:36:41.495+07:00  INFO 40802 --- [discovery-service] [restartedMain] [discovery-service,,]o.s.b.w.embedded.tomcat.TomcatWebServer  : Tomcat started on port 9099 (http) with context path '/'
2025-09-04T16:36:41.495+07:00  INFO 40802 --- [discovery-service] [restartedMain] [discovery-service,,].s.c.n.e.s.EurekaAutoServiceRegistration : Updating port to 9099
2025-09-04T16:36:41.504+07:00  INFO 40802 --- [discovery-service] [restartedMain] [discovery-service,,]h.j.D.DiscoveryServiceApplication        : Started DiscoveryServiceApplication in 1.528 seconds (process running for 1.901)
2025-09-04T16:36:41.506+07:00  INFO 40802 --- [discovery-service] [restartedMain] [discovery-service,,]h.j.D.DiscoveryServiceApplication        : 
----------------------------------------------------------
	Application 'discovery-service' is running! Access URLs:
	Local: 		http://localhost:9099/
	External: 	http://127.0.0.1:9099/
	Profile(s): 	[]
----------------------------------------------------------
2025-09-04T16:36:41.739+07:00  INFO 40802 --- [discovery-service] [RMI TCP Connection(4)-127.0.0.1] [discovery-service,,]o.a.c.c.C.[Tomcat].[localhost].[/]       : Initializing Spring DispatcherServlet 'dispatcherServlet'
2025-09-04T16:36:41.739+07:00  INFO 40802 --- [discovery-service] [RMI TCP Connection(4)-127.0.0.1] [discovery-service,,]o.s.web.servlet.DispatcherServlet        : Initializing Servlet 'dispatcherServlet'
2025-09-04T16:36:41.740+07:00  INFO 40802 --- [discovery-service] [RMI TCP Connection(4)-127.0.0.1] [discovery-service,,]o.s.web.servlet.DispatcherServlet        : Completed initialization in 1 ms
2025-09-04T16:36:51.533+07:00  INFO 40808 --- [statistic-service] [restartedMain] [statistic-service,,]h.j.s.StatisticServiceApplication        : Starting StatisticServiceApplication using Java 23.0.2 with PID 40808 (/Users/dinhvanhuy/Course/Git/Microservices-Spring-Cloud_OAuth2_Docker_Kafka/MyCreate/statisticService/target/classes started by dinhvanhuy in /Users/dinhvanhuy/Course/Git/Microservices-Spring-Cloud_OAuth2_Docker_Kafka)
2025-09-04T16:36:51.536+07:00  INFO 40808 --- [statistic-service] [restartedMain] [statistic-service,,]h.j.s.StatisticServiceApplication        : No active profile set, falling back to 1 default profile: "default"
2025-09-04T16:36:51.535+07:00  INFO 40810 --- [account-service] [restartedMain] [account-service,,]h.j.a.AccountServiceApplication          : Starting AccountServiceApplication using Java 23.0.2 with PID 40810 (/Users/dinhvanhuy/Course/Git/Microservices-Spring-Cloud_OAuth2_Docker_Kafka/MyCreate/accountservice/target/classes started by dinhvanhuy in /Users/dinhvanhuy/Course/Git/Microservices-Spring-Cloud_OAuth2_Docker_Kafka)
2025-09-04T16:36:51.538+07:00  INFO 40810 --- [account-service] [restartedMain] [account-service,,]h.j.a.AccountServiceApplication          : No active profile set, falling back to 1 default profile: "default"
2025-09-04T16:36:51.573+07:00  INFO 40811 --- [notification-service] [restartedMain] [notification-service,,]h.j.N.NotificationServiceApplication     : Starting NotificationServiceApplication using Java 23.0.2 with PID 40811 (/Users/dinhvanhuy/Course/Git/Microservices-Spring-Cloud_OAuth2_Docker_Kafka/MyCreate/NotificationService/target/classes started by dinhvanhuy in /Users/dinhvanhuy/Course/Git/Microservices-Spring-Cloud_OAuth2_Docker_Kafka)
2025-09-04T16:36:51.574+07:00  INFO 40811 --- [notification-service] [restartedMain] [notification-service,,]h.j.N.NotificationServiceApplication     : No active profile set, falling back to 1 default profile: "default"
2025-09-04T16:36:51.586+07:00  INFO 40808 --- [statistic-service] [restartedMain] [statistic-service,,]o.s.c.c.c.ConfigServerConfigDataLoader   : Fetching config from server at : http://localhost:9088
2025-09-04T16:36:51.586+07:00  INFO 40808 --- [statistic-service] [restartedMain] [statistic-service,,]o.s.c.c.c.ConfigServerConfigDataLoader   : Located environment: name=statistic-service, profiles=[default], label=null, version=null, state=null
2025-09-04T16:36:51.588+07:00  INFO 40808 --- [statistic-service] [restartedMain] [statistic-service,,].e.DevToolsPropertyDefaultsPostProcessor : Devtools property defaults active! Set 'spring.devtools.add-properties' to 'false' to disable
2025-09-04T16:36:51.588+07:00  INFO 40808 --- [statistic-service] [restartedMain] [statistic-service,,].e.DevToolsPropertyDefaultsPostProcessor : For additional web related logging consider setting the 'logging.level.web' property to 'DEBUG'
2025-09-04T16:36:51.589+07:00  INFO 40810 --- [account-service] [restartedMain] [account-service,,]o.s.c.c.c.ConfigServerConfigDataLoader   : Fetching config from server at : http://localhost:9088
2025-09-04T16:36:51.589+07:00  INFO 40810 --- [account-service] [restartedMain] [account-service,,]o.s.c.c.c.ConfigServerConfigDataLoader   : Located environment: name=account-service, profiles=[default], label=null, version=null, state=null
2025-09-04T16:36:51.590+07:00  INFO 40810 --- [account-service] [restartedMain] [account-service,,].e.DevToolsPropertyDefaultsPostProcessor : Devtools property defaults active! Set 'spring.devtools.add-properties' to 'false' to disable
2025-09-04T16:36:51.590+07:00  INFO 40810 --- [account-service] [restartedMain] [account-service,,].e.DevToolsPropertyDefaultsPostProcessor : For additional web related logging consider setting the 'logging.level.web' property to 'DEBUG'
2025-09-04T16:36:51.599+07:00  INFO 40811 --- [notification-service] [restartedMain] [notification-service,,]o.s.c.c.c.ConfigServerConfigDataLoader   : Fetching config from server at : http://localhost:9088
2025-09-04T16:36:51.599+07:00  INFO 40811 --- [notification-service] [restartedMain] [notification-service,,]o.s.c.c.c.ConfigServerConfigDataLoader   : Located environment: name=notification-service, profiles=[default], label=null, version=null, state=null
2025-09-04T16:36:51.600+07:00  INFO 40811 --- [notification-service] [restartedMain] [notification-service,,].e.DevToolsPropertyDefaultsPostProcessor : Devtools property defaults active! Set 'spring.devtools.add-properties' to 'false' to disable
2025-09-04T16:36:51.600+07:00  INFO 40811 --- [notification-service] [restartedMain] [notification-service,,].e.DevToolsPropertyDefaultsPostProcessor : For additional web related logging consider setting the 'logging.level.web' property to 'DEBUG'
2025-09-04T16:36:51.635+07:00  INFO 40809 --- [gateway-service] [restartedMain] [gateway-service,,]h.j.G.GatewayServiceApplication          : Starting GatewayServiceApplication using Java 23.0.2 with PID 40809 (/Users/dinhvanhuy/Course/Git/Microservices-Spring-Cloud_OAuth2_Docker_Kafka/MyCreate/GatewayService/target/classes started by dinhvanhuy in /Users/dinhvanhuy/Course/Git/Microservices-Spring-Cloud_OAuth2_Docker_Kafka)
2025-09-04T16:36:51.637+07:00  INFO 40809 --- [gateway-service] [restartedMain] [gateway-service,,]h.j.G.GatewayServiceApplication          : No active profile set, falling back to 1 default profile: "default"
2025-09-04T16:36:51.673+07:00  INFO 40809 --- [gateway-service] [restartedMain] [gateway-service,,]o.s.c.c.c.ConfigServerConfigDataLoader   : Fetching config from server at : http://localhost:9088
2025-09-04T16:36:51.673+07:00  INFO 40809 --- [gateway-service] [restartedMain] [gateway-service,,]o.s.c.c.c.ConfigServerConfigDataLoader   : Located environment: name=gateway-service, profiles=[default], label=null, version=null, state=null
2025-09-04T16:36:51.674+07:00  INFO 40809 --- [gateway-service] [restartedMain] [gateway-service,,].e.DevToolsPropertyDefaultsPostProcessor : Devtools property defaults active! Set 'spring.devtools.add-properties' to 'false' to disable
2025-09-04T16:36:51.674+07:00  INFO 40809 --- [gateway-service] [restartedMain] [gateway-service,,].e.DevToolsPropertyDefaultsPostProcessor : For additional web related logging consider setting the 'logging.level.web' property to 'DEBUG'
2025-09-04T16:36:52.199+07:00  INFO 40808 --- [statistic-service] [restartedMain] [statistic-service,,].s.d.r.c.RepositoryConfigurationDelegate : Bootstrapping Spring Data JPA repositories in DEFAULT mode.
2025-09-04T16:36:52.207+07:00  INFO 40811 --- [notification-service] [restartedMain] [notification-service,,]o.s.cloud.context.scope.GenericScope     : BeanFactory id=53fa1895-e669-3eaf-af9a-631446fef691
2025-09-04T16:36:52.261+07:00  INFO 40808 --- [statistic-service] [restartedMain] [statistic-service,,].s.d.r.c.RepositoryConfigurationDelegate : Finished Spring Data repository scanning in 57 ms. Found 1 JPA repository interface.
2025-09-04T16:36:52.275+07:00  INFO 40810 --- [account-service] [restartedMain] [account-service,,].s.d.r.c.RepositoryConfigurationDelegate : Bootstrapping Spring Data JPA repositories in DEFAULT mode.
2025-09-04T16:36:52.342+07:00  INFO 40810 --- [account-service] [restartedMain] [account-service,,].s.d.r.c.RepositoryConfigurationDelegate : Finished Spring Data repository scanning in 60 ms. Found 1 JPA repository interface.
2025-09-04T16:36:52.373+07:00  INFO 40808 --- [statistic-service] [restartedMain] [statistic-service,,]o.s.cloud.context.scope.GenericScope     : BeanFactory id=47c14790-0dfe-33dc-82db-f7afa9d1d623
2025-09-04T16:36:52.415+07:00  INFO 40811 --- [notification-service] [restartedMain] [notification-service,,]o.s.b.w.embedded.tomcat.TomcatWebServer  : Tomcat initialized with port 9083 (http)
2025-09-04T16:36:52.421+07:00  INFO 40811 --- [notification-service] [restartedMain] [notification-service,,]o.apache.catalina.core.StandardService   : Starting service [Tomcat]
2025-09-04T16:36:52.422+07:00  INFO 40811 --- [notification-service] [restartedMain] [notification-service,,]o.apache.catalina.core.StandardEngine    : Starting Servlet engine: [Apache Tomcat/10.1.43]
2025-09-04T16:36:52.426+07:00  INFO 40809 --- [gateway-service] [restartedMain] [gateway-service,,]o.s.cloud.context.scope.GenericScope     : BeanFactory id=3c97136f-a23a-3b6d-ac9d-1fbd33c06c9a
2025-09-04T16:36:52.440+07:00  INFO 40811 --- [notification-service] [restartedMain] [notification-service,,]o.a.c.c.C.[Tomcat].[localhost].[/]       : Initializing Spring embedded WebApplicationContext
2025-09-04T16:36:52.440+07:00  INFO 40811 --- [notification-service] [restartedMain] [notification-service,,]w.s.c.ServletWebServerApplicationContext : Root WebApplicationContext: initialization completed in 839 ms
2025-09-04T16:36:52.499+07:00  INFO 40810 --- [account-service] [restartedMain] [account-service,,]o.s.cloud.context.scope.GenericScope     : BeanFactory id=85780a65-e706-326a-9861-c51b5d3c111e
2025-09-04T16:36:52.628+07:00  INFO 40808 --- [statistic-service] [restartedMain] [statistic-service,,]o.s.b.w.embedded.tomcat.TomcatWebServer  : Tomcat initialized with port 9082 (http)
2025-09-04T16:36:52.634+07:00  INFO 40808 --- [statistic-service] [restartedMain] [statistic-service,,]o.apache.catalina.core.StandardService   : Starting service [Tomcat]
2025-09-04T16:36:52.634+07:00  INFO 40808 --- [statistic-service] [restartedMain] [statistic-service,,]o.apache.catalina.core.StandardEngine    : Starting Servlet engine: [Apache Tomcat/10.1.43]
2025-09-04T16:36:52.652+07:00  INFO 40808 --- [statistic-service] [restartedMain] [statistic-service,,]o.a.c.c.C.[Tomcat].[localhost].[/]       : Initializing Spring embedded WebApplicationContext
2025-09-04T16:36:52.652+07:00  INFO 40808 --- [statistic-service] [restartedMain] [statistic-service,,]w.s.c.ServletWebServerApplicationContext : Root WebApplicationContext: initialization completed in 1064 ms
2025-09-04T16:36:52.848+07:00  INFO 40809 --- [gateway-service] [restartedMain] [gateway-service,,]o.s.c.g.r.RouteDefinitionRouteLocator    : Loaded RoutePredicateFactory [After]
2025-09-04T16:36:52.849+07:00  INFO 40809 --- [gateway-service] [restartedMain] [gateway-service,,]o.s.c.g.r.RouteDefinitionRouteLocator    : Loaded RoutePredicateFactory [Before]
2025-09-04T16:36:52.849+07:00  INFO 40809 --- [gateway-service] [restartedMain] [gateway-service,,]o.s.c.g.r.RouteDefinitionRouteLocator    : Loaded RoutePredicateFactory [Between]
2025-09-04T16:36:52.849+07:00  INFO 40809 --- [gateway-service] [restartedMain] [gateway-service,,]o.s.c.g.r.RouteDefinitionRouteLocator    : Loaded RoutePredicateFactory [Cookie]
2025-09-04T16:36:52.849+07:00  INFO 40809 --- [gateway-service] [restartedMain] [gateway-service,,]o.s.c.g.r.RouteDefinitionRouteLocator    : Loaded RoutePredicateFactory [Header]
2025-09-04T16:36:52.849+07:00  INFO 40809 --- [gateway-service] [restartedMain] [gateway-service,,]o.s.c.g.r.RouteDefinitionRouteLocator    : Loaded RoutePredicateFactory [Host]
2025-09-04T16:36:52.849+07:00  INFO 40809 --- [gateway-service] [restartedMain] [gateway-service,,]o.s.c.g.r.RouteDefinitionRouteLocator    : Loaded RoutePredicateFactory [Method]
2025-09-04T16:36:52.849+07:00  INFO 40809 --- [gateway-service] [restartedMain] [gateway-service,,]o.s.c.g.r.RouteDefinitionRouteLocator    : Loaded RoutePredicateFactory [Path]
2025-09-04T16:36:52.849+07:00  INFO 40809 --- [gateway-service] [restartedMain] [gateway-service,,]o.s.c.g.r.RouteDefinitionRouteLocator    : Loaded RoutePredicateFactory [Query]
2025-09-04T16:36:52.849+07:00  INFO 40809 --- [gateway-service] [restartedMain] [gateway-service,,]o.s.c.g.r.RouteDefinitionRouteLocator    : Loaded RoutePredicateFactory [ReadBody]
2025-09-04T16:36:52.849+07:00  INFO 40809 --- [gateway-service] [restartedMain] [gateway-service,,]o.s.c.g.r.RouteDefinitionRouteLocator    : Loaded RoutePredicateFactory [RemoteAddr]
2025-09-04T16:36:52.849+07:00  INFO 40809 --- [gateway-service] [restartedMain] [gateway-service,,]o.s.c.g.r.RouteDefinitionRouteLocator    : Loaded RoutePredicateFactory [XForwardedRemoteAddr]
2025-09-04T16:36:52.849+07:00  INFO 40809 --- [gateway-service] [restartedMain] [gateway-service,,]o.s.c.g.r.RouteDefinitionRouteLocator    : Loaded RoutePredicateFactory [Weight]
2025-09-04T16:36:52.849+07:00  INFO 40809 --- [gateway-service] [restartedMain] [gateway-service,,]o.s.c.g.r.RouteDefinitionRouteLocator    : Loaded RoutePredicateFactory [CloudFoundryRouteService]
2025-09-04T16:36:52.880+07:00  INFO 40810 --- [account-service] [restartedMain] [account-service,,]o.s.b.w.embedded.tomcat.TomcatWebServer  : Tomcat initialized with port 9081 (http)
2025-09-04T16:36:52.887+07:00  INFO 40810 --- [account-service] [restartedMain] [account-service,,]o.apache.catalina.core.StandardService   : Starting service [Tomcat]
2025-09-04T16:36:52.887+07:00  INFO 40810 --- [account-service] [restartedMain] [account-service,,]o.apache.catalina.core.StandardEngine    : Starting Servlet engine: [Apache Tomcat/10.1.43]
2025-09-04T16:36:52.899+07:00  WARN 40809 --- [gateway-service] [restartedMain] [gateway-service,,]o.s.w.r.resource.ResourceHandlerUtils    : Appended trailing slash to static resource location: classpath:/META-INF/resources/webjars/swagger-ui/5.18.3/
2025-09-04T16:36:52.906+07:00  INFO 40810 --- [account-service] [restartedMain] [account-service,,]o.a.c.c.C.[Tomcat].[localhost].[/]       : Initializing Spring embedded WebApplicationContext
2025-09-04T16:36:52.907+07:00  INFO 40810 --- [account-service] [restartedMain] [account-service,,]w.s.c.ServletWebServerApplicationContext : Root WebApplicationContext: initialization completed in 1317 ms
2025-09-04T16:36:52.932+07:00  INFO 40808 --- [statistic-service] [restartedMain] [statistic-service,,]o.hibernate.jpa.internal.util.LogHelper  : HHH000204: Processing PersistenceUnitInfo [name: default]
2025-09-04T16:36:52.940+07:00  INFO 40811 --- [notification-service] [restartedMain] [notification-service,,]o.s.b.a.e.web.EndpointLinksResolver      : Exposing 18 endpoints beneath base path '/actuator'
2025-09-04T16:36:52.956+07:00  INFO 40808 --- [statistic-service] [restartedMain] [statistic-service,,]org.hibernate.Version                    : HHH000412: Hibernate ORM core version 6.6.22.Final
2025-09-04T16:36:52.971+07:00  INFO 40808 --- [statistic-service] [restartedMain] [statistic-service,,]o.h.c.internal.RegionFactoryInitiator    : HHH000026: Second-level cache disabled
2025-09-04T16:36:53.008+07:00  INFO 40809 --- [gateway-service] [restartedMain] [gateway-service,,]o.s.b.a.e.web.EndpointLinksResolver      : Exposing 32 endpoints beneath base path '/actuator'
2025-09-04T16:36:53.045+07:00  INFO 40811 --- [notification-service] [restartedMain] [notification-service,,]o.s.v.b.OptionalValidatorFactoryBean     : Failed to set up a Bean Validation provider: jakarta.validation.NoProviderFoundException: Unable to create a Configuration, because no Jakarta Bean Validation provider could be found. Add a provider like Hibernate Validator (RI) to your classpath.
2025-09-04T16:36:53.070+07:00  INFO 40808 --- [statistic-service] [restartedMain] [statistic-service,,]o.s.o.j.p.SpringPersistenceUnitInfo      : No LoadTimeWeaver setup: ignoring JPA class transformer
2025-09-04T16:36:53.090+07:00  INFO 40808 --- [statistic-service] [restartedMain] [statistic-service,,]com.zaxxer.hikari.HikariDataSource       : HikariPool-1 - Starting...
2025-09-04T16:36:53.139+07:00  WARN 40809 --- [gateway-service] [restartedMain] [gateway-service,,]o.s.b.d.a.OptionalLiveReloadServer       : Unable to start LiveReload server
2025-09-04T16:36:53.145+07:00  INFO 40809 --- [gateway-service] [restartedMain] [gateway-service,,]DiscoveryClientOptionalArgsConfiguration : Eureka HTTP Client uses RestTemplate.
2025-09-04T16:36:53.154+07:00  WARN 40809 --- [gateway-service] [restartedMain] [gateway-service,,]s.w.s.StarterDeprecatedAutoConfiguration : 

**********************************************************

spring-cloud-starter-gateway is deprecated. It will be removed in the next major release. Please use spring-cloud-starter-gateway-server-webflux instead.

**********************************************************


2025-09-04T16:36:53.158+07:00  WARN 40809 --- [gateway-service] [restartedMain] [gateway-service,,]iguration$LoadBalancerCaffeineWarnLogger : Spring Cloud LoadBalancer is currently working with the default cache. While this cache implementation is useful for development and tests, it's recommended to use Caffeine cache in production.You can switch to using Caffeine cache, by adding it and org.springframework.cache.caffeine.CaffeineCacheManager to the classpath.
2025-09-04T16:36:53.204+07:00  INFO 40809 --- [gateway-service] [restartedMain] [gateway-service,,]o.s.c.n.eureka.InstanceInfoFactory       : Setting initial instance status as: STARTING
2025-09-04T16:36:53.212+07:00  INFO 40809 --- [gateway-service] [restartedMain] [gateway-service,,]com.netflix.discovery.DiscoveryClient    : Initializing Eureka in region us-east-1
2025-09-04T16:36:53.214+07:00  INFO 40809 --- [gateway-service] [restartedMain] [gateway-service,,]c.n.d.s.r.aws.ConfigClusterResolver      : Resolving eureka endpoints via configuration
2025-09-04T16:36:53.218+07:00  INFO 40809 --- [gateway-service] [restartedMain] [gateway-service,,]com.netflix.discovery.DiscoveryClient    : Disable delta property : false
2025-09-04T16:36:53.218+07:00  INFO 40809 --- [gateway-service] [restartedMain] [gateway-service,,]com.netflix.discovery.DiscoveryClient    : Single vip registry refresh property : null
2025-09-04T16:36:53.218+07:00  INFO 40809 --- [gateway-service] [restartedMain] [gateway-service,,]com.netflix.discovery.DiscoveryClient    : Force full registry fetch : false
2025-09-04T16:36:53.218+07:00  INFO 40809 --- [gateway-service] [restartedMain] [gateway-service,,]com.netflix.discovery.DiscoveryClient    : Application is null : false
2025-09-04T16:36:53.218+07:00  INFO 40809 --- [gateway-service] [restartedMain] [gateway-service,,]com.netflix.discovery.DiscoveryClient    : Registered Applications size is zero : true
2025-09-04T16:36:53.218+07:00  INFO 40809 --- [gateway-service] [restartedMain] [gateway-service,,]com.netflix.discovery.DiscoveryClient    : Application version is -1: true
2025-09-04T16:36:53.218+07:00  INFO 40809 --- [gateway-service] [restartedMain] [gateway-service,,]com.netflix.discovery.DiscoveryClient    : Getting all instance registry info from the eureka server
2025-09-04T16:36:53.236+07:00  INFO 40808 --- [statistic-service] [restartedMain] [statistic-service,,]com.zaxxer.hikari.pool.HikariPool        : HikariPool-1 - Added connection com.mysql.cj.jdbc.ConnectionImpl@e368a06
2025-09-04T16:36:53.237+07:00  INFO 40808 --- [statistic-service] [restartedMain] [statistic-service,,]com.zaxxer.hikari.HikariDataSource       : HikariPool-1 - Start completed.
2025-09-04T16:36:53.256+07:00  WARN 40808 --- [statistic-service] [restartedMain] [statistic-service,,]org.hibernate.orm.deprecation            : HHH90000025: MySQL8Dialect does not need to be specified explicitly using 'hibernate.dialect' (remove the property setting and it will be selected by default)
2025-09-04T16:36:53.257+07:00  WARN 40808 --- [statistic-service] [restartedMain] [statistic-service,,]org.hibernate.orm.deprecation            : HHH90000026: MySQL8Dialect has been deprecated; use org.hibernate.dialect.MySQLDialect instead
2025-09-04T16:36:53.264+07:00  INFO 40808 --- [statistic-service] [restartedMain] [statistic-service,,]org.hibernate.orm.connections.pooling    : HHH10001005: Database info:
	Database JDBC URL [Connecting through datasource 'HikariDataSource (HikariPool-1)']
	Database driver: undefined/unknown
	Database version: 8.0
	Autocommit mode: undefined/unknown
	Isolation level: undefined/unknown
	Minimum pool size: undefined/unknown
	Maximum pool size: undefined/unknown
2025-09-04T16:36:53.272+07:00  WARN 40811 --- [notification-service] [restartedMain] [notification-service,,]o.s.b.d.a.OptionalLiveReloadServer       : Unable to start LiveReload server
2025-09-04T16:36:53.287+07:00  INFO 40811 --- [notification-service] [restartedMain] [notification-service,,]DiscoveryClientOptionalArgsConfiguration : Eureka HTTP Client uses RestTemplate.
2025-09-04T16:36:53.302+07:00  INFO 40810 --- [account-service] [restartedMain] [account-service,,]o.hibernate.jpa.internal.util.LogHelper  : HHH000204: Processing PersistenceUnitInfo [name: default]
2025-09-04T16:36:53.308+07:00  WARN 40811 --- [notification-service] [restartedMain] [notification-service,,]iguration$LoadBalancerCaffeineWarnLogger : Spring Cloud LoadBalancer is currently working with the default cache. While this cache implementation is useful for development and tests, it's recommended to use Caffeine cache in production.You can switch to using Caffeine cache, by adding it and org.springframework.cache.caffeine.CaffeineCacheManager to the classpath.
2025-09-04T16:36:53.321+07:00  INFO 40810 --- [account-service] [restartedMain] [account-service,,]org.hibernate.Version                    : HHH000412: Hibernate ORM core version 6.6.22.Final
2025-09-04T16:36:53.334+07:00  INFO 40810 --- [account-service] [restartedMain] [account-service,,]o.h.c.internal.RegionFactoryInitiator    : HHH000026: Second-level cache disabled
2025-09-04T16:36:53.342+07:00  INFO 40811 --- [notification-service] [restartedMain] [notification-service,,]o.s.c.n.eureka.InstanceInfoFactory       : Setting initial instance status as: STARTING
2025-09-04T16:36:53.352+07:00  INFO 40811 --- [notification-service] [restartedMain] [notification-service,,]com.netflix.discovery.DiscoveryClient    : Initializing Eureka in region us-east-1
2025-09-04T16:36:53.354+07:00  INFO 40811 --- [notification-service] [restartedMain] [notification-service,,]c.n.d.s.r.aws.ConfigClusterResolver      : Resolving eureka endpoints via configuration
2025-09-04T16:36:53.357+07:00  INFO 40811 --- [notification-service] [restartedMain] [notification-service,,]com.netflix.discovery.DiscoveryClient    : Disable delta property : false
2025-09-04T16:36:53.357+07:00  INFO 40811 --- [notification-service] [restartedMain] [notification-service,,]com.netflix.discovery.DiscoveryClient    : Single vip registry refresh property : null
2025-09-04T16:36:53.357+07:00  INFO 40811 --- [notification-service] [restartedMain] [notification-service,,]com.netflix.discovery.DiscoveryClient    : Force full registry fetch : false
2025-09-04T16:36:53.357+07:00  INFO 40811 --- [notification-service] [restartedMain] [notification-service,,]com.netflix.discovery.DiscoveryClient    : Application is null : false
2025-09-04T16:36:53.357+07:00  INFO 40811 --- [notification-service] [restartedMain] [notification-service,,]com.netflix.discovery.DiscoveryClient    : Registered Applications size is zero : true
2025-09-04T16:36:53.357+07:00  INFO 40811 --- [notification-service] [restartedMain] [notification-service,,]com.netflix.discovery.DiscoveryClient    : Application version is -1: true
2025-09-04T16:36:53.357+07:00  INFO 40811 --- [notification-service] [restartedMain] [notification-service,,]com.netflix.discovery.DiscoveryClient    : Getting all instance registry info from the eureka server
2025-09-04T16:36:53.375+07:00  INFO 40809 --- [gateway-service] [restartedMain] [gateway-service,,]com.netflix.discovery.DiscoveryClient    : The response status is 200
2025-09-04T16:36:53.375+07:00  INFO 40809 --- [gateway-service] [restartedMain] [gateway-service,,]com.netflix.discovery.DiscoveryClient    : Starting heartbeat executor: renew interval is: 30
2025-09-04T16:36:53.376+07:00  INFO 40809 --- [gateway-service] [restartedMain] [gateway-service,,]c.n.discovery.InstanceInfoReplicator     : InstanceInfoReplicator onDemand update allowed rate per min is 4
2025-09-04T16:36:53.377+07:00  INFO 40809 --- [gateway-service] [restartedMain] [gateway-service,,]com.netflix.discovery.DiscoveryClient    : Discovery Client initialized at timestamp 1756978613377 with initial instances count: 0
2025-09-04T16:36:53.379+07:00  INFO 40809 --- [gateway-service] [restartedMain] [gateway-service,,]o.s.c.n.e.s.EurekaServiceRegistry        : Registering application GATEWAY-SERVICE with eureka with status UP
2025-09-04T16:36:53.379+07:00  INFO 40809 --- [gateway-service] [restartedMain] [gateway-service,,]com.netflix.discovery.DiscoveryClient    : Saw local status change event StatusChangeEvent [timestamp=1756978613379, current=UP, previous=STARTING]
2025-09-04T16:36:53.380+07:00  INFO 40809 --- [gateway-service] [DiscoveryClient-InstanceInfoReplicator-%d] [gateway-service,,]com.netflix.discovery.DiscoveryClient    : DiscoveryClient_GATEWAY-SERVICE/172.16.113.88:gateway-service:8080: registering service...
2025-09-04T16:36:53.425+07:00  INFO 40802 --- [discovery-service] [http-nio-9099-exec-2] [discovery-service,,]c.n.e.registry.AbstractInstanceRegistry  : Registered instance GATEWAY-SERVICE/172.16.113.88:gateway-service:8080 with status UP (replication=false)
2025-09-04T16:36:53.428+07:00  INFO 40809 --- [gateway-service] [DiscoveryClient-InstanceInfoReplicator-%d] [gateway-service,,]com.netflix.discovery.DiscoveryClient    : DiscoveryClient_GATEWAY-SERVICE/172.16.113.88:gateway-service:8080 - registration status: 204
2025-09-04T16:36:53.467+07:00  INFO 40809 --- [gateway-service] [restartedMain] [gateway-service,,]o.s.b.web.embedded.netty.NettyWebServer  : Netty started on port 8080 (http)
2025-09-04T16:36:53.468+07:00  INFO 40809 --- [gateway-service] [restartedMain] [gateway-service,,].s.c.n.e.s.EurekaAutoServiceRegistration : Updating port to 8080
2025-09-04T16:36:53.475+07:00  INFO 40810 --- [account-service] [restartedMain] [account-service,,]o.s.o.j.p.SpringPersistenceUnitInfo      : No LoadTimeWeaver setup: ignoring JPA class transformer
2025-09-04T16:36:53.483+07:00  INFO 40809 --- [gateway-service] [restartedMain] [gateway-service,,]h.j.G.GatewayServiceApplication          : Started GatewayServiceApplication in 2.38 seconds (process running for 3.318)
2025-09-04T16:36:53.486+07:00  INFO 40809 --- [gateway-service] [restartedMain] [gateway-service,,]h.j.G.GatewayServiceApplication          : 
----------------------------------------------------------
	Application 'gateway-service' is running! Access URLs:
	Local: 		http://localhost:8080/
	External: 	http://127.0.0.1:8080/
	Profile(s): 	[]
----------------------------------------------------------
2025-09-04T16:36:53.488+07:00  INFO 40810 --- [account-service] [restartedMain] [account-service,,]com.zaxxer.hikari.HikariDataSource       : HikariPool-1 - Starting...
2025-09-04T16:36:53.498+07:00  INFO 40811 --- [notification-service] [restartedMain] [notification-service,,]com.netflix.discovery.DiscoveryClient    : The response status is 200
2025-09-04T16:36:53.499+07:00  INFO 40811 --- [notification-service] [restartedMain] [notification-service,,]com.netflix.discovery.DiscoveryClient    : Starting heartbeat executor: renew interval is: 30
2025-09-04T16:36:53.500+07:00  INFO 40811 --- [notification-service] [restartedMain] [notification-service,,]c.n.discovery.InstanceInfoReplicator     : InstanceInfoReplicator onDemand update allowed rate per min is 4
2025-09-04T16:36:53.500+07:00  INFO 40811 --- [notification-service] [restartedMain] [notification-service,,]com.netflix.discovery.DiscoveryClient    : Discovery Client initialized at timestamp 1756978613500 with initial instances count: 0
2025-09-04T16:36:53.503+07:00  INFO 40811 --- [notification-service] [restartedMain] [notification-service,,]o.s.c.n.e.s.EurekaServiceRegistry        : Registering application NOTIFICATION-SERVICE with eureka with status UP
2025-09-04T16:36:53.504+07:00  INFO 40811 --- [notification-service] [restartedMain] [notification-service,,]com.netflix.discovery.DiscoveryClient    : Saw local status change event StatusChangeEvent [timestamp=1756978613504, current=UP, previous=STARTING]
2025-09-04T16:36:53.504+07:00  INFO 40811 --- [notification-service] [DiscoveryClient-InstanceInfoReplicator-%d] [notification-service,,]com.netflix.discovery.DiscoveryClient    : DiscoveryClient_NOTIFICATION-SERVICE/172.16.113.88:notification-service:9083: registering service...
2025-09-04T16:36:53.514+07:00  INFO 40811 --- [notification-service] [restartedMain] [notification-service,,]o.s.b.w.embedded.tomcat.TomcatWebServer  : Tomcat started on port 9083 (http) with context path '/'
2025-09-04T16:36:53.514+07:00  INFO 40811 --- [notification-service] [restartedMain] [notification-service,,].s.c.n.e.s.EurekaAutoServiceRegistration : Updating port to 9083
2025-09-04T16:36:53.526+07:00  INFO 40802 --- [discovery-service] [http-nio-9099-exec-4] [discovery-service,,]c.n.e.registry.AbstractInstanceRegistry  : Registered instance NOTIFICATION-SERVICE/172.16.113.88:notification-service:9083 with status UP (replication=false)
2025-09-04T16:36:53.526+07:00  INFO 40811 --- [notification-service] [restartedMain] [notification-service,,]h.j.N.NotificationServiceApplication     : Started NotificationServiceApplication in 2.467 seconds (process running for 3.363)
2025-09-04T16:36:53.527+07:00  INFO 40811 --- [notification-service] [DiscoveryClient-InstanceInfoReplicator-%d] [notification-service,,]com.netflix.discovery.DiscoveryClient    : DiscoveryClient_NOTIFICATION-SERVICE/172.16.113.88:notification-service:9083 - registration status: 204
2025-09-04T16:36:53.531+07:00  INFO 40811 --- [notification-service] [restartedMain] [notification-service,,]h.j.N.NotificationServiceApplication     : 
----------------------------------------------------------
	Application 'notification-service' is running! Access URLs:
	Local: 		http://localhost:9083/
	External: 	http://127.0.0.1:9083/
	Profile(s): 	[]
----------------------------------------------------------
2025-09-04T16:36:53.597+07:00  INFO 40808 --- [statistic-service] [restartedMain] [statistic-service,,]o.h.e.t.j.p.i.JtaPlatformInitiator       : HHH000489: No JTA platform available (set 'hibernate.transaction.jta.platform' to enable JTA platform integration)
2025-09-04T16:36:53.612+07:00  INFO 40810 --- [account-service] [restartedMain] [account-service,,]com.zaxxer.hikari.pool.HikariPool        : HikariPool-1 - Added connection com.mysql.cj.jdbc.ConnectionImpl@1690eb52
2025-09-04T16:36:53.613+07:00  INFO 40810 --- [account-service] [restartedMain] [account-service,,]com.zaxxer.hikari.HikariDataSource       : HikariPool-1 - Start completed.
2025-09-04T16:36:53.617+07:00  INFO 40808 --- [statistic-service] [restartedMain] [statistic-service,,]j.LocalContainerEntityManagerFactoryBean : Initialized JPA EntityManagerFactory for persistence unit 'default'
2025-09-04T16:36:53.629+07:00  WARN 40810 --- [account-service] [restartedMain] [account-service,,]org.hibernate.orm.deprecation            : HHH90000025: MySQL8Dialect does not need to be specified explicitly using 'hibernate.dialect' (remove the property setting and it will be selected by default)
2025-09-04T16:36:53.629+07:00  WARN 40810 --- [account-service] [restartedMain] [account-service,,]org.hibernate.orm.deprecation            : HHH90000026: MySQL8Dialect has been deprecated; use org.hibernate.dialect.MySQLDialect instead
2025-09-04T16:36:53.636+07:00  INFO 40810 --- [account-service] [restartedMain] [account-service,,]org.hibernate.orm.connections.pooling    : HHH10001005: Database info:
	Database JDBC URL [Connecting through datasource 'HikariDataSource (HikariPool-1)']
	Database driver: undefined/unknown
	Database version: 8.0
	Autocommit mode: undefined/unknown
	Isolation level: undefined/unknown
	Minimum pool size: undefined/unknown
	Maximum pool size: undefined/unknown
2025-09-04T16:36:53.789+07:00  INFO 40811 --- [notification-service] [RMI TCP Connection(4)-127.0.0.1] [notification-service,,]o.a.c.c.C.[Tomcat].[localhost].[/]       : Initializing Spring DispatcherServlet 'dispatcherServlet'
2025-09-04T16:36:53.790+07:00  INFO 40811 --- [notification-service] [RMI TCP Connection(4)-127.0.0.1] [notification-service,,]o.s.web.servlet.DispatcherServlet        : Initializing Servlet 'dispatcherServlet'
2025-09-04T16:36:53.790+07:00  INFO 40811 --- [notification-service] [RMI TCP Connection(4)-127.0.0.1] [notification-service,,]o.s.web.servlet.DispatcherServlet        : Completed initialization in 0 ms
2025-09-04T16:36:53.816+07:00  WARN 40808 --- [statistic-service] [restartedMain] [statistic-service,,]JpaBaseConfiguration$JpaWebConfiguration : spring.jpa.open-in-view is enabled by default. Therefore, database queries may be performed during view rendering. Explicitly configure spring.jpa.open-in-view to disable this warning
2025-09-04T16:36:53.952+07:00  INFO 40810 --- [account-service] [restartedMain] [account-service,,]o.h.e.t.j.p.i.JtaPlatformInitiator       : HHH000489: No JTA platform available (set 'hibernate.transaction.jta.platform' to enable JTA platform integration)
2025-09-04T16:36:53.977+07:00  INFO 40802 --- [discovery-service] [http-nio-9099-exec-5] [discovery-service,,]c.n.e.registry.AbstractInstanceRegistry  : Registered instance GATEWAY-SERVICE/172.16.113.88:gateway-service:8080 with status UP (replication=true)
2025-09-04T16:36:53.977+07:00  INFO 40802 --- [discovery-service] [http-nio-9099-exec-5] [discovery-service,,]c.n.e.registry.AbstractInstanceRegistry  : Registered instance NOTIFICATION-SERVICE/172.16.113.88:notification-service:9083 with status UP (replication=true)
2025-09-04T16:36:53.983+07:00  INFO 40810 --- [account-service] [restartedMain] [account-service,,]j.LocalContainerEntityManagerFactoryBean : Initialized JPA EntityManagerFactory for persistence unit 'default'
2025-09-04T16:36:54.106+07:00  INFO 40808 --- [statistic-service] [restartedMain] [statistic-service,,]o.s.b.a.e.web.EndpointLinksResolver      : Exposing 18 endpoints beneath base path '/actuator'
2025-09-04T16:36:54.356+07:00  WARN 40810 --- [account-service] [restartedMain] [account-service,,]JpaBaseConfiguration$JpaWebConfiguration : spring.jpa.open-in-view is enabled by default. Therefore, database queries may be performed during view rendering. Explicitly configure spring.jpa.open-in-view to disable this warning
2025-09-04T16:36:54.423+07:00  WARN 40810 --- [account-service] [restartedMain] [account-service,,]o.s.b.d.a.OptionalLiveReloadServer       : Unable to start LiveReload server
2025-09-04T16:36:54.455+07:00  WARN 40808 --- [statistic-service] [restartedMain] [statistic-service,,]o.s.b.d.a.OptionalLiveReloadServer       : Unable to start LiveReload server
2025-09-04T16:36:54.458+07:00  INFO 40810 --- [account-service] [restartedMain] [account-service,,]o.s.c.openfeign.FeignClientFactoryBean   : For 'statistic-service' URL not provided. Will try picking an instance via load-balancing.
2025-09-04T16:36:54.472+07:00  INFO 40808 --- [statistic-service] [restartedMain] [statistic-service,,]DiscoveryClientOptionalArgsConfiguration : Eureka HTTP Client uses RestTemplate.
2025-09-04T16:36:54.500+07:00  WARN 40808 --- [statistic-service] [restartedMain] [statistic-service,,]iguration$LoadBalancerCaffeineWarnLogger : Spring Cloud LoadBalancer is currently working with the default cache. While this cache implementation is useful for development and tests, it's recommended to use Caffeine cache in production.You can switch to using Caffeine cache, by adding it and org.springframework.cache.caffeine.CaffeineCacheManager to the classpath.
2025-09-04T16:36:54.539+07:00  INFO 40808 --- [statistic-service] [restartedMain] [statistic-service,,]o.s.c.n.eureka.InstanceInfoFactory       : Setting initial instance status as: STARTING
2025-09-04T16:36:54.549+07:00  INFO 40808 --- [statistic-service] [restartedMain] [statistic-service,,]com.netflix.discovery.DiscoveryClient    : Initializing Eureka in region us-east-1
2025-09-04T16:36:54.551+07:00  INFO 40808 --- [statistic-service] [restartedMain] [statistic-service,,]c.n.d.s.r.aws.ConfigClusterResolver      : Resolving eureka endpoints via configuration
2025-09-04T16:36:54.554+07:00  INFO 40808 --- [statistic-service] [restartedMain] [statistic-service,,]com.netflix.discovery.DiscoveryClient    : Disable delta property : false
2025-09-04T16:36:54.554+07:00  INFO 40808 --- [statistic-service] [restartedMain] [statistic-service,,]com.netflix.discovery.DiscoveryClient    : Single vip registry refresh property : null
2025-09-04T16:36:54.554+07:00  INFO 40808 --- [statistic-service] [restartedMain] [statistic-service,,]com.netflix.discovery.DiscoveryClient    : Force full registry fetch : false
2025-09-04T16:36:54.554+07:00  INFO 40808 --- [statistic-service] [restartedMain] [statistic-service,,]com.netflix.discovery.DiscoveryClient    : Application is null : false
2025-09-04T16:36:54.554+07:00  INFO 40808 --- [statistic-service] [restartedMain] [statistic-service,,]com.netflix.discovery.DiscoveryClient    : Registered Applications size is zero : true
2025-09-04T16:36:54.554+07:00  INFO 40808 --- [statistic-service] [restartedMain] [statistic-service,,]com.netflix.discovery.DiscoveryClient    : Application version is -1: true
2025-09-04T16:36:54.554+07:00  INFO 40808 --- [statistic-service] [restartedMain] [statistic-service,,]com.netflix.discovery.DiscoveryClient    : Getting all instance registry info from the eureka server
2025-09-04T16:36:54.559+07:00  INFO 40810 --- [account-service] [restartedMain] [account-service,,]o.s.c.openfeign.FeignClientFactoryBean   : For 'notification-service' URL not provided. Will try picking an instance via load-balancing.
2025-09-04T16:36:54.624+07:00  INFO 40808 --- [statistic-service] [restartedMain] [statistic-service,,]com.netflix.discovery.DiscoveryClient    : The response status is 200
2025-09-04T16:36:54.625+07:00  INFO 40808 --- [statistic-service] [restartedMain] [statistic-service,,]com.netflix.discovery.DiscoveryClient    : Starting heartbeat executor: renew interval is: 30
2025-09-04T16:36:54.626+07:00  INFO 40808 --- [statistic-service] [restartedMain] [statistic-service,,]c.n.discovery.InstanceInfoReplicator     : InstanceInfoReplicator onDemand update allowed rate per min is 4
2025-09-04T16:36:54.626+07:00  INFO 40808 --- [statistic-service] [restartedMain] [statistic-service,,]com.netflix.discovery.DiscoveryClient    : Discovery Client initialized at timestamp 1756978614626 with initial instances count: 0
2025-09-04T16:36:54.630+07:00  INFO 40808 --- [statistic-service] [restartedMain] [statistic-service,,]o.s.c.n.e.s.EurekaServiceRegistry        : Registering application STATISTIC-SERVICE with eureka with status UP
2025-09-04T16:36:54.630+07:00  INFO 40808 --- [statistic-service] [restartedMain] [statistic-service,,]com.netflix.discovery.DiscoveryClient    : Saw local status change event StatusChangeEvent [timestamp=1756978614630, current=UP, previous=STARTING]
2025-09-04T16:36:54.631+07:00  INFO 40808 --- [statistic-service] [DiscoveryClient-InstanceInfoReplicator-%d] [statistic-service,,]com.netflix.discovery.DiscoveryClient    : DiscoveryClient_STATISTIC-SERVICE/172.16.113.88:statistic-service:9082: registering service...
2025-09-04T16:36:54.639+07:00  INFO 40808 --- [statistic-service] [restartedMain] [statistic-service,,]o.s.b.w.embedded.tomcat.TomcatWebServer  : Tomcat started on port 9082 (http) with context path '/'
2025-09-04T16:36:54.639+07:00  INFO 40808 --- [statistic-service] [restartedMain] [statistic-service,,].s.c.n.e.s.EurekaAutoServiceRegistration : Updating port to 9082
2025-09-04T16:36:54.648+07:00  INFO 40802 --- [discovery-service] [http-nio-9099-exec-7] [discovery-service,,]c.n.e.registry.AbstractInstanceRegistry  : Registered instance STATISTIC-SERVICE/172.16.113.88:statistic-service:9082 with status UP (replication=false)
2025-09-04T16:36:54.649+07:00  INFO 40808 --- [statistic-service] [DiscoveryClient-InstanceInfoReplicator-%d] [statistic-service,,]com.netflix.discovery.DiscoveryClient    : DiscoveryClient_STATISTIC-SERVICE/172.16.113.88:statistic-service:9082 - registration status: 204
2025-09-04T16:36:54.652+07:00  INFO 40808 --- [statistic-service] [restartedMain] [statistic-service,,]h.j.s.StatisticServiceApplication        : Started StatisticServiceApplication in 3.566 seconds (process running for 4.488)
2025-09-04T16:36:54.656+07:00  INFO 40808 --- [statistic-service] [restartedMain] [statistic-service,,]h.j.s.StatisticServiceApplication        : 
----------------------------------------------------------
	Application 'statistic-service' is running! Access URLs:
	Local: 		http://localhost:9082/
	External: 	http://127.0.0.1:9082/
	Profile(s): 	[]
----------------------------------------------------------
2025-09-04T16:36:54.849+07:00  INFO 40808 --- [statistic-service] [RMI TCP Connection(5)-127.0.0.1] [statistic-service,,]o.a.c.c.C.[Tomcat].[localhost].[/]       : Initializing Spring DispatcherServlet 'dispatcherServlet'
2025-09-04T16:36:54.850+07:00  INFO 40808 --- [statistic-service] [RMI TCP Connection(5)-127.0.0.1] [statistic-service,,]o.s.web.servlet.DispatcherServlet        : Initializing Servlet 'dispatcherServlet'
2025-09-04T16:36:54.851+07:00  INFO 40808 --- [statistic-service] [RMI TCP Connection(5)-127.0.0.1] [statistic-service,,]o.s.web.servlet.DispatcherServlet        : Completed initialization in 1 ms
2025-09-04T16:36:55.058+07:00  INFO 40810 --- [account-service] [restartedMain] [account-service,,]o.s.b.a.e.web.EndpointLinksResolver      : Exposing 28 endpoints beneath base path '/actuator'
2025-09-04T16:36:55.159+07:00  INFO 40802 --- [discovery-service] [http-nio-9099-exec-8] [discovery-service,,]c.n.e.registry.AbstractInstanceRegistry  : Registered instance STATISTIC-SERVICE/172.16.113.88:statistic-service:9082 with status UP (replication=true)
2025-09-04T16:36:55.611+07:00  INFO 40810 --- [account-service] [restartedMain] [account-service,,]DiscoveryClientOptionalArgsConfiguration : Eureka HTTP Client uses RestTemplate.
2025-09-04T16:36:55.641+07:00  WARN 40810 --- [account-service] [restartedMain] [account-service,,]iguration$LoadBalancerCaffeineWarnLogger : Spring Cloud LoadBalancer is currently working with the default cache. While this cache implementation is useful for development and tests, it's recommended to use Caffeine cache in production.You can switch to using Caffeine cache, by adding it and org.springframework.cache.caffeine.CaffeineCacheManager to the classpath.
2025-09-04T16:36:55.689+07:00  INFO 40810 --- [account-service] [restartedMain] [account-service,,]o.s.c.n.eureka.InstanceInfoFactory       : Setting initial instance status as: STARTING
2025-09-04T16:36:55.699+07:00  INFO 40810 --- [account-service] [restartedMain] [account-service,,]com.netflix.discovery.DiscoveryClient    : Initializing Eureka in region us-east-1
2025-09-04T16:36:55.700+07:00  INFO 40810 --- [account-service] [restartedMain] [account-service,,]c.n.d.s.r.aws.ConfigClusterResolver      : Resolving eureka endpoints via configuration
2025-09-04T16:36:55.703+07:00  INFO 40810 --- [account-service] [restartedMain] [account-service,,]com.netflix.discovery.DiscoveryClient    : Disable delta property : false
2025-09-04T16:36:55.703+07:00  INFO 40810 --- [account-service] [restartedMain] [account-service,,]com.netflix.discovery.DiscoveryClient    : Single vip registry refresh property : null
2025-09-04T16:36:55.703+07:00  INFO 40810 --- [account-service] [restartedMain] [account-service,,]com.netflix.discovery.DiscoveryClient    : Force full registry fetch : false
2025-09-04T16:36:55.703+07:00  INFO 40810 --- [account-service] [restartedMain] [account-service,,]com.netflix.discovery.DiscoveryClient    : Application is null : false
2025-09-04T16:36:55.703+07:00  INFO 40810 --- [account-service] [restartedMain] [account-service,,]com.netflix.discovery.DiscoveryClient    : Registered Applications size is zero : true
2025-09-04T16:36:55.703+07:00  INFO 40810 --- [account-service] [restartedMain] [account-service,,]com.netflix.discovery.DiscoveryClient    : Application version is -1: true
2025-09-04T16:36:55.703+07:00  INFO 40810 --- [account-service] [restartedMain] [account-service,,]com.netflix.discovery.DiscoveryClient    : Getting all instance registry info from the eureka server
2025-09-04T16:36:55.770+07:00  INFO 40810 --- [account-service] [restartedMain] [account-service,,]com.netflix.discovery.DiscoveryClient    : The response status is 200
2025-09-04T16:36:55.770+07:00  INFO 40810 --- [account-service] [restartedMain] [account-service,,]com.netflix.discovery.DiscoveryClient    : Starting heartbeat executor: renew interval is: 30
2025-09-04T16:36:55.771+07:00  INFO 40810 --- [account-service] [restartedMain] [account-service,,]c.n.discovery.InstanceInfoReplicator     : InstanceInfoReplicator onDemand update allowed rate per min is 4
2025-09-04T16:36:55.771+07:00  INFO 40810 --- [account-service] [restartedMain] [account-service,,]com.netflix.discovery.DiscoveryClient    : Discovery Client initialized at timestamp 1756978615771 with initial instances count: 0
2025-09-04T16:36:55.779+07:00  INFO 40810 --- [account-service] [restartedMain] [account-service,,]o.s.c.n.e.s.EurekaServiceRegistry        : Registering application ACCOUNT-SERVICE with eureka with status UP
2025-09-04T16:36:55.779+07:00  INFO 40810 --- [account-service] [restartedMain] [account-service,,]com.netflix.discovery.DiscoveryClient    : Saw local status change event StatusChangeEvent [timestamp=1756978615779, current=UP, previous=STARTING]
2025-09-04T16:36:55.779+07:00  INFO 40810 --- [account-service] [DiscoveryClient-InstanceInfoReplicator-%d] [account-service,,]com.netflix.discovery.DiscoveryClient    : DiscoveryClient_ACCOUNT-SERVICE/172.16.113.88:account-service:9081: registering service...
2025-09-04T16:36:55.788+07:00  INFO 40810 --- [account-service] [restartedMain] [account-service,,]o.s.b.w.embedded.tomcat.TomcatWebServer  : Tomcat started on port 9081 (http) with context path '/'
2025-09-04T16:36:55.789+07:00  INFO 40810 --- [account-service] [restartedMain] [account-service,,].s.c.n.e.s.EurekaAutoServiceRegistration : Updating port to 9081
2025-09-04T16:36:55.794+07:00  INFO 40802 --- [discovery-service] [http-nio-9099-exec-10] [discovery-service,,]c.n.e.registry.AbstractInstanceRegistry  : Registered instance ACCOUNT-SERVICE/172.16.113.88:account-service:9081 with status UP (replication=false)
2025-09-04T16:36:55.795+07:00  INFO 40810 --- [account-service] [DiscoveryClient-InstanceInfoReplicator-%d] [account-service,,]com.netflix.discovery.DiscoveryClient    : DiscoveryClient_ACCOUNT-SERVICE/172.16.113.88:account-service:9081 - registration status: 204
2025-09-04T16:36:55.800+07:00  INFO 40810 --- [account-service] [restartedMain] [account-service,,]h.j.a.AccountServiceApplication          : Started AccountServiceApplication in 4.737 seconds (process running for 5.635)
2025-09-04T16:36:55.803+07:00  INFO 40810 --- [account-service] [restartedMain] [account-service,,]h.j.a.AccountServiceApplication          : 
----------------------------------------------------------
	Application 'account-service' is running! Access URLs:
	Local: 		http://localhost:9081/
	External: 	http://127.0.0.1:9081/
	Profile(s): 	[]
----------------------------------------------------------
2025-09-04T16:36:55.859+07:00  INFO 40810 --- [account-service] [RMI TCP Connection(4)-127.0.0.1] [account-service,,]o.a.c.c.C.[Tomcat].[localhost].[/]       : Initializing Spring DispatcherServlet 'dispatcherServlet'
2025-09-04T16:36:55.859+07:00  INFO 40810 --- [account-service] [RMI TCP Connection(4)-127.0.0.1] [account-service,,]o.s.web.servlet.DispatcherServlet        : Initializing Servlet 'dispatcherServlet'
2025-09-04T16:36:55.860+07:00  INFO 40810 --- [account-service] [RMI TCP Connection(4)-127.0.0.1] [account-service,,]o.s.web.servlet.DispatcherServlet        : Completed initialization in 1 ms
2025-09-04T16:36:56.307+07:00  INFO 40802 --- [discovery-service] [http-nio-9099-exec-1] [discovery-service,,]c.n.e.registry.AbstractInstanceRegistry  : Registered instance ACCOUNT-SERVICE/172.16.113.88:account-service:9081 with status UP (replication=true)
2025-09-04T16:37:01.379+07:00  INFO 40798 --- [auth-service] [DiscoveryClient-CacheRefreshExecutor-%d] [auth-service,,]com.netflix.discovery.DiscoveryClient    : Disable delta property : false
2025-09-04T16:37:01.380+07:00  INFO 40798 --- [auth-service] [DiscoveryClient-CacheRefreshExecutor-%d] [auth-service,,]com.netflix.discovery.DiscoveryClient    : Single vip registry refresh property : null
2025-09-04T16:37:01.380+07:00  INFO 40798 --- [auth-service] [DiscoveryClient-CacheRefreshExecutor-%d] [auth-service,,]com.netflix.discovery.DiscoveryClient    : Force full registry fetch : false
2025-09-04T16:37:01.380+07:00  INFO 40798 --- [auth-service] [DiscoveryClient-CacheRefreshExecutor-%d] [auth-service,,]com.netflix.discovery.DiscoveryClient    : Application is null : false
2025-09-04T16:37:01.380+07:00  INFO 40798 --- [auth-service] [DiscoveryClient-CacheRefreshExecutor-%d] [auth-service,,]com.netflix.discovery.DiscoveryClient    : Registered Applications size is zero : true
2025-09-04T16:37:01.380+07:00  INFO 40798 --- [auth-service] [DiscoveryClient-CacheRefreshExecutor-%d] [auth-service,,]com.netflix.discovery.DiscoveryClient    : Application version is -1: true
2025-09-04T16:37:01.380+07:00  INFO 40798 --- [auth-service] [DiscoveryClient-CacheRefreshExecutor-%d] [auth-service,,]com.netflix.discovery.DiscoveryClient    : Getting all instance registry info from the eureka server
2025-09-04T16:37:01.391+07:00  WARN 40802 --- [discovery-service] [http-nio-9099-exec-3] [discovery-service,,]c.n.e.registry.AbstractInstanceRegistry  : DS: Registry: lease doesn't exist, registering resource: AUTH-SERVICE - 172.16.113.88:auth-service:9008
2025-09-04T16:37:01.391+07:00  WARN 40802 --- [discovery-service] [http-nio-9099-exec-3] [discovery-service,,]c.n.eureka.resources.InstanceResource    : Not Found (Renew): AUTH-SERVICE - 172.16.113.88:auth-service:9008
2025-09-04T16:37:01.395+07:00  INFO 40798 --- [auth-service] [DiscoveryClient-InstanceInfoReplicator-%d] [auth-service,,]com.netflix.discovery.DiscoveryClient    : DiscoveryClient_AUTH-SERVICE/172.16.113.88:auth-service:9008: registering service...
2025-09-04T16:37:01.400+07:00  INFO 40798 --- [auth-service] [DiscoveryClient-CacheRefreshExecutor-%d] [auth-service,,]com.netflix.discovery.DiscoveryClient    : The response status is 200
2025-09-04T16:37:01.400+07:00  INFO 40802 --- [discovery-service] [http-nio-9099-exec-4] [discovery-service,,]c.n.e.registry.AbstractInstanceRegistry  : Registered instance AUTH-SERVICE/172.16.113.88:auth-service:9008 with status UP (replication=false)
2025-09-04T16:37:01.401+07:00  INFO 40798 --- [auth-service] [DiscoveryClient-InstanceInfoReplicator-%d] [auth-service,,]com.netflix.discovery.DiscoveryClient    : DiscoveryClient_AUTH-SERVICE/172.16.113.88:auth-service:9008 - registration status: 204
2025-09-04T16:37:01.413+07:00  INFO 40798 --- [auth-service] [DiscoveryClient-HeartbeatExecutor-%d] [auth-service,,]com.netflix.discovery.DiscoveryClient    : DiscoveryClient_AUTH-SERVICE/172.16.113.88:auth-service:9008 - Re-registering apps/AUTH-SERVICE
2025-09-04T16:37:01.413+07:00  INFO 40798 --- [auth-service] [DiscoveryClient-HeartbeatExecutor-%d] [auth-service,,]com.netflix.discovery.DiscoveryClient    : DiscoveryClient_AUTH-SERVICE/172.16.113.88:auth-service:9008: registering service...
2025-09-04T16:37:01.415+07:00  INFO 40802 --- [discovery-service] [http-nio-9099-exec-5] [discovery-service,,]c.n.e.registry.AbstractInstanceRegistry  : Registered instance AUTH-SERVICE/172.16.113.88:auth-service:9008 with status UP (replication=false)
2025-09-04T16:37:01.416+07:00  INFO 40798 --- [auth-service] [DiscoveryClient-HeartbeatExecutor-%d] [auth-service,,]com.netflix.discovery.DiscoveryClient    : DiscoveryClient_AUTH-SERVICE/172.16.113.88:auth-service:9008 - registration status: 204
2025-09-04T16:37:01.622+07:00  INFO 40796 --- [client-register-service] [DiscoveryClient-CacheRefreshExecutor-%d] [client-register-service,,]com.netflix.discovery.DiscoveryClient    : Disable delta property : false
2025-09-04T16:37:01.622+07:00  INFO 40796 --- [client-register-service] [DiscoveryClient-CacheRefreshExecutor-%d] [client-register-service,,]com.netflix.discovery.DiscoveryClient    : Single vip registry refresh property : null
2025-09-04T16:37:01.622+07:00  INFO 40796 --- [client-register-service] [DiscoveryClient-CacheRefreshExecutor-%d] [client-register-service,,]com.netflix.discovery.DiscoveryClient    : Force full registry fetch : false
2025-09-04T16:37:01.622+07:00  INFO 40796 --- [client-register-service] [DiscoveryClient-CacheRefreshExecutor-%d] [client-register-service,,]com.netflix.discovery.DiscoveryClient    : Application is null : false
2025-09-04T16:37:01.622+07:00  INFO 40796 --- [client-register-service] [DiscoveryClient-CacheRefreshExecutor-%d] [client-register-service,,]com.netflix.discovery.DiscoveryClient    : Registered Applications size is zero : true
2025-09-04T16:37:01.622+07:00  INFO 40796 --- [client-register-service] [DiscoveryClient-CacheRefreshExecutor-%d] [client-register-service,,]com.netflix.discovery.DiscoveryClient    : Application version is -1: true
2025-09-04T16:37:01.622+07:00  INFO 40796 --- [client-register-service] [DiscoveryClient-CacheRefreshExecutor-%d] [client-register-service,,]com.netflix.discovery.DiscoveryClient    : Getting all instance registry info from the eureka server
2025-09-04T16:37:01.630+07:00  WARN 40802 --- [discovery-service] [http-nio-9099-exec-7] [discovery-service,,]c.n.e.registry.AbstractInstanceRegistry  : DS: Registry: lease doesn't exist, registering resource: CLIENT-REGISTER-SERVICE - 172.16.113.88:client-register-service:9084
2025-09-04T16:37:01.630+07:00  WARN 40802 --- [discovery-service] [http-nio-9099-exec-7] [discovery-service,,]c.n.eureka.resources.InstanceResource    : Not Found (Renew): CLIENT-REGISTER-SERVICE - 172.16.113.88:client-register-service:9084
2025-09-04T16:37:01.634+07:00  INFO 40796 --- [client-register-service] [DiscoveryClient-HeartbeatExecutor-%d] [client-register-service,,]com.netflix.discovery.DiscoveryClient    : DiscoveryClient_CLIENT-REGISTER-SERVICE/172.16.113.88:client-register-service:9084 - Re-registering apps/CLIENT-REGISTER-SERVICE
2025-09-04T16:37:01.634+07:00  INFO 40796 --- [client-register-service] [DiscoveryClient-HeartbeatExecutor-%d] [client-register-service,,]com.netflix.discovery.DiscoveryClient    : DiscoveryClient_CLIENT-REGISTER-SERVICE/172.16.113.88:client-register-service:9084: registering service...
2025-09-04T16:37:01.636+07:00  INFO 40796 --- [client-register-service] [DiscoveryClient-CacheRefreshExecutor-%d] [client-register-service,,]com.netflix.discovery.DiscoveryClient    : The response status is 200
2025-09-04T16:37:01.638+07:00  INFO 40802 --- [discovery-service] [http-nio-9099-exec-8] [discovery-service,,]c.n.e.registry.AbstractInstanceRegistry  : Registered instance CLIENT-REGISTER-SERVICE/172.16.113.88:client-register-service:9084 with status UP (replication=false)
2025-09-04T16:37:01.639+07:00  INFO 40796 --- [client-register-service] [DiscoveryClient-HeartbeatExecutor-%d] [client-register-service,,]com.netflix.discovery.DiscoveryClient    : DiscoveryClient_CLIENT-REGISTER-SERVICE/172.16.113.88:client-register-service:9084 - registration status: 204
2025-09-04T16:37:01.927+07:00  INFO 40802 --- [discovery-service] [http-nio-9099-exec-9] [discovery-service,,]c.n.e.registry.AbstractInstanceRegistry  : Registered instance AUTH-SERVICE/172.16.113.88:auth-service:9008 with status UP (replication=true)
2025-09-04T16:37:01.927+07:00  INFO 40802 --- [discovery-service] [http-nio-9099-exec-9] [discovery-service,,]c.n.e.registry.AbstractInstanceRegistry  : Registered instance CLIENT-REGISTER-SERVICE/172.16.113.88:client-register-service:9084 with status UP (replication=true)
2025-09-04T16:37:10.682+07:00  INFO 40800 --- [monitor-admin] [DiscoveryClient-CacheRefreshExecutor-%d] [monitor-admin,,]com.netflix.discovery.DiscoveryClient    : Disable delta property : false
2025-09-04T16:37:10.683+07:00  INFO 40800 --- [monitor-admin] [DiscoveryClient-CacheRefreshExecutor-%d] [monitor-admin,,]com.netflix.discovery.DiscoveryClient    : Single vip registry refresh property : null
2025-09-04T16:37:10.683+07:00  INFO 40800 --- [monitor-admin] [DiscoveryClient-CacheRefreshExecutor-%d] [monitor-admin,,]com.netflix.discovery.DiscoveryClient    : Force full registry fetch : false
2025-09-04T16:37:10.683+07:00  INFO 40800 --- [monitor-admin] [DiscoveryClient-CacheRefreshExecutor-%d] [monitor-admin,,]com.netflix.discovery.DiscoveryClient    : Application is null : false
2025-09-04T16:37:10.683+07:00  INFO 40800 --- [monitor-admin] [DiscoveryClient-CacheRefreshExecutor-%d] [monitor-admin,,]com.netflix.discovery.DiscoveryClient    : Registered Applications size is zero : true
2025-09-04T16:37:10.683+07:00  INFO 40800 --- [monitor-admin] [DiscoveryClient-CacheRefreshExecutor-%d] [monitor-admin,,]com.netflix.discovery.DiscoveryClient    : Application version is -1: true
2025-09-04T16:37:10.683+07:00  INFO 40800 --- [monitor-admin] [DiscoveryClient-CacheRefreshExecutor-%d] [monitor-admin,,]com.netflix.discovery.DiscoveryClient    : Getting all instance registry info from the eureka server
2025-09-04T16:37:10.698+07:00  INFO 40800 --- [monitor-admin] [DiscoveryClient-InstanceInfoReplicator-%d] [monitor-admin,,]com.netflix.discovery.DiscoveryClient    : DiscoveryClient_MONITOR-ADMIN/172.16.113.88:monitor-admin:9000: registering service...
2025-09-04T16:37:10.704+07:00  WARN 40802 --- [discovery-service] [http-nio-9099-exec-1] [discovery-service,,]c.n.e.registry.AbstractInstanceRegistry  : DS: Registry: lease doesn't exist, registering resource: MONITOR-ADMIN - 172.16.113.88:monitor-admin:9000
2025-09-04T16:37:10.704+07:00  WARN 40802 --- [discovery-service] [http-nio-9099-exec-1] [discovery-service,,]c.n.eureka.resources.InstanceResource    : Not Found (Renew): MONITOR-ADMIN - 172.16.113.88:monitor-admin:9000
2025-09-04T16:37:10.706+07:00  INFO 40802 --- [discovery-service] [http-nio-9099-exec-2] [discovery-service,,]c.n.e.registry.AbstractInstanceRegistry  : Registered instance MONITOR-ADMIN/172.16.113.88:monitor-admin:9000 with status UP (replication=false)
2025-09-04T16:37:10.714+07:00  INFO 40800 --- [monitor-admin] [DiscoveryClient-InstanceInfoReplicator-%d] [monitor-admin,,]com.netflix.discovery.DiscoveryClient    : DiscoveryClient_MONITOR-ADMIN/172.16.113.88:monitor-admin:9000 - registration status: 204
2025-09-04T16:37:10.715+07:00  INFO 40800 --- [monitor-admin] [DiscoveryClient-HeartbeatExecutor-%d] [monitor-admin,,]com.netflix.discovery.DiscoveryClient    : DiscoveryClient_MONITOR-ADMIN/172.16.113.88:monitor-admin:9000 - Re-registering apps/MONITOR-ADMIN
2025-09-04T16:37:10.715+07:00  INFO 40800 --- [monitor-admin] [DiscoveryClient-HeartbeatExecutor-%d] [monitor-admin,,]com.netflix.discovery.DiscoveryClient    : DiscoveryClient_MONITOR-ADMIN/172.16.113.88:monitor-admin:9000: registering service...
2025-09-04T16:37:10.719+07:00  INFO 40800 --- [monitor-admin] [DiscoveryClient-CacheRefreshExecutor-%d] [monitor-admin,,]com.netflix.discovery.DiscoveryClient    : The response status is 200
2025-09-04T16:37:10.719+07:00  INFO 40802 --- [discovery-service] [http-nio-9099-exec-4] [discovery-service,,]c.n.e.registry.AbstractInstanceRegistry  : Registered instance MONITOR-ADMIN/172.16.113.88:monitor-admin:9000 with status UP (replication=false)
2025-09-04T16:37:10.720+07:00  INFO 40800 --- [monitor-admin] [DiscoveryClient-HeartbeatExecutor-%d] [monitor-admin,,]com.netflix.discovery.DiscoveryClient    : DiscoveryClient_MONITOR-ADMIN/172.16.113.88:monitor-admin:9000 - registration status: 204
2025-09-04T16:37:11.236+07:00  INFO 40802 --- [discovery-service] [http-nio-9099-exec-3] [discovery-service,,]c.n.e.registry.AbstractInstanceRegistry  : Registered instance MONITOR-ADMIN/172.16.113.88:monitor-admin:9000 with status UP (replication=true)
2025-09-04T16:37:23.381+07:00  INFO 40809 --- [gateway-service] [DiscoveryClient-CacheRefreshExecutor-%d] [gateway-service,,]com.netflix.discovery.DiscoveryClient    : Disable delta property : false
2025-09-04T16:37:23.382+07:00  INFO 40809 --- [gateway-service] [DiscoveryClient-CacheRefreshExecutor-%d] [gateway-service,,]com.netflix.discovery.DiscoveryClient    : Single vip registry refresh property : null
2025-09-04T16:37:23.382+07:00  INFO 40809 --- [gateway-service] [DiscoveryClient-CacheRefreshExecutor-%d] [gateway-service,,]com.netflix.discovery.DiscoveryClient    : Force full registry fetch : false
2025-09-04T16:37:23.383+07:00  INFO 40809 --- [gateway-service] [DiscoveryClient-CacheRefreshExecutor-%d] [gateway-service,,]com.netflix.discovery.DiscoveryClient    : Application is null : false
2025-09-04T16:37:23.383+07:00  INFO 40809 --- [gateway-service] [DiscoveryClient-CacheRefreshExecutor-%d] [gateway-service,,]com.netflix.discovery.DiscoveryClient    : Registered Applications size is zero : true
2025-09-04T16:37:23.383+07:00  INFO 40809 --- [gateway-service] [DiscoveryClient-CacheRefreshExecutor-%d] [gateway-service,,]com.netflix.discovery.DiscoveryClient    : Application version is -1: false
2025-09-04T16:37:23.383+07:00  INFO 40809 --- [gateway-service] [DiscoveryClient-CacheRefreshExecutor-%d] [gateway-service,,]com.netflix.discovery.DiscoveryClient    : Getting all instance registry info from the eureka server
2025-09-04T16:37:23.406+07:00  INFO 40809 --- [gateway-service] [DiscoveryClient-CacheRefreshExecutor-%d] [gateway-service,,]com.netflix.discovery.DiscoveryClient    : The response status is 200
2025-09-04T16:37:23.502+07:00  INFO 40811 --- [notification-service] [DiscoveryClient-CacheRefreshExecutor-%d] [notification-service,,]com.netflix.discovery.DiscoveryClient    : Disable delta property : false
2025-09-04T16:37:23.503+07:00  INFO 40811 --- [notification-service] [DiscoveryClient-CacheRefreshExecutor-%d] [notification-service,,]com.netflix.discovery.DiscoveryClient    : Single vip registry refresh property : null
2025-09-04T16:37:23.503+07:00  INFO 40811 --- [notification-service] [DiscoveryClient-CacheRefreshExecutor-%d] [notification-service,,]com.netflix.discovery.DiscoveryClient    : Force full registry fetch : false
2025-09-04T16:37:23.503+07:00  INFO 40811 --- [notification-service] [DiscoveryClient-CacheRefreshExecutor-%d] [notification-service,,]com.netflix.discovery.DiscoveryClient    : Application is null : false
2025-09-04T16:37:23.503+07:00  INFO 40811 --- [notification-service] [DiscoveryClient-CacheRefreshExecutor-%d] [notification-service,,]com.netflix.discovery.DiscoveryClient    : Registered Applications size is zero : true
2025-09-04T16:37:23.503+07:00  INFO 40811 --- [notification-service] [DiscoveryClient-CacheRefreshExecutor-%d] [notification-service,,]com.netflix.discovery.DiscoveryClient    : Application version is -1: false
2025-09-04T16:37:23.503+07:00  INFO 40811 --- [notification-service] [DiscoveryClient-CacheRefreshExecutor-%d] [notification-service,,]com.netflix.discovery.DiscoveryClient    : Getting all instance registry info from the eureka server
2025-09-04T16:37:23.529+07:00  INFO 40811 --- [notification-service] [DiscoveryClient-CacheRefreshExecutor-%d] [notification-service,,]com.netflix.discovery.DiscoveryClient    : The response status is 200
2025-09-04T16:37:24.630+07:00  INFO 40808 --- [statistic-service] [DiscoveryClient-CacheRefreshExecutor-%d] [statistic-service,,]com.netflix.discovery.DiscoveryClient    : Disable delta property : false
2025-09-04T16:37:24.631+07:00  INFO 40808 --- [statistic-service] [DiscoveryClient-CacheRefreshExecutor-%d] [statistic-service,,]com.netflix.discovery.DiscoveryClient    : Single vip registry refresh property : null
2025-09-04T16:37:24.631+07:00  INFO 40808 --- [statistic-service] [DiscoveryClient-CacheRefreshExecutor-%d] [statistic-service,,]com.netflix.discovery.DiscoveryClient    : Force full registry fetch : false
2025-09-04T16:37:24.631+07:00  INFO 40808 --- [statistic-service] [DiscoveryClient-CacheRefreshExecutor-%d] [statistic-service,,]com.netflix.discovery.DiscoveryClient    : Application is null : false
2025-09-04T16:37:24.631+07:00  INFO 40808 --- [statistic-service] [DiscoveryClient-CacheRefreshExecutor-%d] [statistic-service,,]com.netflix.discovery.DiscoveryClient    : Registered Applications size is zero : true
2025-09-04T16:37:24.631+07:00  INFO 40808 --- [statistic-service] [DiscoveryClient-CacheRefreshExecutor-%d] [statistic-service,,]com.netflix.discovery.DiscoveryClient    : Application version is -1: false
2025-09-04T16:37:24.631+07:00  INFO 40808 --- [statistic-service] [DiscoveryClient-CacheRefreshExecutor-%d] [statistic-service,,]com.netflix.discovery.DiscoveryClient    : Getting all instance registry info from the eureka server
2025-09-04T16:37:24.644+07:00  INFO 40808 --- [statistic-service] [DiscoveryClient-CacheRefreshExecutor-%d] [statistic-service,,]com.netflix.discovery.DiscoveryClient    : The response status is 200
2025-09-04T16:37:25.776+07:00  INFO 40810 --- [account-service] [DiscoveryClient-CacheRefreshExecutor-%d] [account-service,,]com.netflix.discovery.DiscoveryClient    : Disable delta property : false
2025-09-04T16:37:25.777+07:00  INFO 40810 --- [account-service] [DiscoveryClient-CacheRefreshExecutor-%d] [account-service,,]com.netflix.discovery.DiscoveryClient    : Single vip registry refresh property : null
2025-09-04T16:37:25.777+07:00  INFO 40810 --- [account-service] [DiscoveryClient-CacheRefreshExecutor-%d] [account-service,,]com.netflix.discovery.DiscoveryClient    : Force full registry fetch : false
2025-09-04T16:37:25.777+07:00  INFO 40810 --- [account-service] [DiscoveryClient-CacheRefreshExecutor-%d] [account-service,,]com.netflix.discovery.DiscoveryClient    : Application is null : false
2025-09-04T16:37:25.778+07:00  INFO 40810 --- [account-service] [DiscoveryClient-CacheRefreshExecutor-%d] [account-service,,]com.netflix.discovery.DiscoveryClient    : Registered Applications size is zero : true
2025-09-04T16:37:25.778+07:00  INFO 40810 --- [account-service] [DiscoveryClient-CacheRefreshExecutor-%d] [account-service,,]com.netflix.discovery.DiscoveryClient    : Application version is -1: false
2025-09-04T16:37:25.778+07:00  INFO 40810 --- [account-service] [DiscoveryClient-CacheRefreshExecutor-%d] [account-service,,]com.netflix.discovery.DiscoveryClient    : Getting all instance registry info from the eureka server
2025-09-04T16:37:25.813+07:00  INFO 40810 --- [account-service] [DiscoveryClient-CacheRefreshExecutor-%d] [account-service,,]com.netflix.discovery.DiscoveryClient    : The response status is 200
2025-09-04T16:37:41.498+07:00  INFO 40802 --- [discovery-service] [Eureka-EvictionTimer] [discovery-service,,]c.n.e.registry.AbstractInstanceRegistry  : Running the evict task with compensationTime 0ms
2025-09-04T16:38:41.504+07:00  INFO 40802 --- [discovery-service] [Eureka-EvictionTimer] [discovery-service,,]c.n.e.registry.AbstractInstanceRegistry  : Running the evict task with compensationTime 5ms
2025-09-04T16:39:41.509+07:00  INFO 40802 --- [discovery-service] [Eureka-EvictionTimer] [discovery-service,,]c.n.e.registry.AbstractInstanceRegistry  : Running the evict task with compensationTime 5ms
2025-09-04T16:40:41.511+07:00  INFO 40802 --- [discovery-service] [Eureka-EvictionTimer] [discovery-service,,]c.n.e.registry.AbstractInstanceRegistry  : Running the evict task with compensationTime 1ms
2025-09-04T16:41:31.314+07:00  INFO 40798 --- [auth-service] [AsyncResolver-bootstrap-executor-%d] [auth-service,,]c.n.d.s.r.aws.ConfigClusterResolver      : Resolving eureka endpoints via configuration
2025-09-04T16:41:31.542+07:00  INFO 40796 --- [client-register-service] [AsyncResolver-bootstrap-executor-%d] [client-register-service,,]c.n.d.s.r.aws.ConfigClusterResolver      : Resolving eureka endpoints via configuration
2025-09-04T16:41:40.606+07:00  INFO 40800 --- [monitor-admin] [AsyncResolver-bootstrap-executor-%d] [monitor-admin,,]c.n.d.s.r.aws.ConfigClusterResolver      : Resolving eureka endpoints via configuration
2025-09-04T16:41:41.514+07:00  INFO 40802 --- [discovery-service] [Eureka-EvictionTimer] [discovery-service,,]c.n.e.registry.AbstractInstanceRegistry  : Running the evict task with compensationTime 3ms
2025-09-04T16:41:53.222+07:00  INFO 40809 --- [gateway-service] [AsyncResolver-bootstrap-executor-%d] [gateway-service,,]c.n.d.s.r.aws.ConfigClusterResolver      : Resolving eureka endpoints via configuration
2025-09-04T16:41:53.362+07:00  INFO 40811 --- [notification-service] [AsyncResolver-bootstrap-executor-%d] [notification-service,,]c.n.d.s.r.aws.ConfigClusterResolver      : Resolving eureka endpoints via configuration
2025-09-04T16:41:54.561+07:00  INFO 40808 --- [statistic-service] [AsyncResolver-bootstrap-executor-%d] [statistic-service,,]c.n.d.s.r.aws.ConfigClusterResolver      : Resolving eureka endpoints via configuration
2025-09-04T16:41:55.710+07:00  INFO 40810 --- [account-service] [AsyncResolver-bootstrap-executor-%d] [account-service,,]c.n.d.s.r.aws.ConfigClusterResolver      : Resolving eureka endpoints via configuration
2025-09-04T16:42:41.519+07:00  INFO 40802 --- [discovery-service] [Eureka-EvictionTimer] [discovery-service,,]c.n.e.registry.AbstractInstanceRegistry  : Running the evict task with compensationTime 5ms
2025-09-04T16:43:41.525+07:00  INFO 40802 --- [discovery-service] [Eureka-EvictionTimer] [discovery-service,,]c.n.e.registry.AbstractInstanceRegistry  : Running the evict task with compensationTime 6ms
2025-09-04T16:44:41.531+07:00  INFO 40802 --- [discovery-service] [Eureka-EvictionTimer] [discovery-service,,]c.n.e.registry.AbstractInstanceRegistry  : Running the evict task with compensationTime 5ms
2025-09-04T16:45:41.536+07:00  INFO 40802 --- [discovery-service] [Eureka-EvictionTimer] [discovery-service,,]c.n.e.registry.AbstractInstanceRegistry  : Running the evict task with compensationTime 5ms
2025-09-04T16:46:31.319+07:00  INFO 40798 --- [auth-service] [AsyncResolver-bootstrap-executor-%d] [auth-service,,]c.n.d.s.r.aws.ConfigClusterResolver      : Resolving eureka endpoints via configuration
2025-09-04T16:46:31.549+07:00  INFO 40796 --- [client-register-service] [AsyncResolver-bootstrap-executor-%d] [client-register-service,,]c.n.d.s.r.aws.ConfigClusterResolver      : Resolving eureka endpoints via configuration
2025-09-04T16:46:40.612+07:00  INFO 40800 --- [monitor-admin] [AsyncResolver-bootstrap-executor-%d] [monitor-admin,,]c.n.d.s.r.aws.ConfigClusterResolver      : Resolving eureka endpoints via configuration
2025-09-04T16:46:41.541+07:00  INFO 40802 --- [discovery-service] [Eureka-EvictionTimer] [discovery-service,,]c.n.e.registry.AbstractInstanceRegistry  : Running the evict task with compensationTime 4ms
2025-09-04T16:46:53.227+07:00  INFO 40809 --- [gateway-service] [AsyncResolver-bootstrap-executor-%d] [gateway-service,,]c.n.d.s.r.aws.ConfigClusterResolver      : Resolving eureka endpoints via configuration
2025-09-04T16:46:53.369+07:00  INFO 40811 --- [notification-service] [AsyncResolver-bootstrap-executor-%d] [notification-service,,]c.n.d.s.r.aws.ConfigClusterResolver      : Resolving eureka endpoints via configuration
2025-09-04T16:46:54.567+07:00  INFO 40808 --- [statistic-service] [AsyncResolver-bootstrap-executor-%d] [statistic-service,,]c.n.d.s.r.aws.ConfigClusterResolver      : Resolving eureka endpoints via configuration
2025-09-04T16:46:55.717+07:00  INFO 40810 --- [account-service] [AsyncResolver-bootstrap-executor-%d] [account-service,,]c.n.d.s.r.aws.ConfigClusterResolver      : Resolving eureka endpoints via configuration
2025-09-04T16:47:41.546+07:00  INFO 40802 --- [discovery-service] [Eureka-EvictionTimer] [discovery-service,,]c.n.e.registry.AbstractInstanceRegistry  : Running the evict task with compensationTime 5ms
2025-09-04T16:48:41.551+07:00  INFO 40802 --- [discovery-service] [Eureka-EvictionTimer] [discovery-service,,]c.n.e.registry.AbstractInstanceRegistry  : Running the evict task with compensationTime 4ms
2025-09-04T16:49:41.552+07:00  INFO 40802 --- [discovery-service] [Eureka-EvictionTimer] [discovery-service,,]c.n.e.registry.AbstractInstanceRegistry  : Running the evict task with compensationTime 0ms
2025-09-04T16:50:41.556+07:00  INFO 40802 --- [discovery-service] [Eureka-EvictionTimer] [discovery-service,,]c.n.e.registry.AbstractInstanceRegistry  : Running the evict task with compensationTime 3ms
2025-09-04T16:51:31.324+07:00  INFO 40798 --- [auth-service] [AsyncResolver-bootstrap-executor-%d] [auth-service,,]c.n.d.s.r.aws.ConfigClusterResolver      : Resolving eureka endpoints via configuration
2025-09-04T16:51:31.552+07:00  INFO 40796 --- [client-register-service] [AsyncResolver-bootstrap-executor-%d] [client-register-service,,]c.n.d.s.r.aws.ConfigClusterResolver      : Resolving eureka endpoints via configuration
2025-09-04T16:51:40.619+07:00  INFO 40800 --- [monitor-admin] [AsyncResolver-bootstrap-executor-%d] [monitor-admin,,]c.n.d.s.r.aws.ConfigClusterResolver      : Resolving eureka endpoints via configuration
2025-09-04T16:51:41.469+07:00  INFO 40802 --- [discovery-service] [ReplicaAwareInstanceRegistry - RenewalThresholdUpdater] [discovery-service,,]c.n.e.r.PeerAwareInstanceRegistryImpl    : Current renewal threshold is : 13
2025-09-04T16:51:41.560+07:00  INFO 40802 --- [discovery-service] [Eureka-EvictionTimer] [discovery-service,,]c.n.e.registry.AbstractInstanceRegistry  : Running the evict task with compensationTime 4ms
2025-09-04T16:51:53.231+07:00  INFO 40809 --- [gateway-service] [AsyncResolver-bootstrap-executor-%d] [gateway-service,,]c.n.d.s.r.aws.ConfigClusterResolver      : Resolving eureka endpoints via configuration
2025-09-04T16:51:53.374+07:00  INFO 40811 --- [notification-service] [AsyncResolver-bootstrap-executor-%d] [notification-service,,]c.n.d.s.r.aws.ConfigClusterResolver      : Resolving eureka endpoints via configuration
2025-09-04T16:51:54.572+07:00  INFO 40808 --- [statistic-service] [AsyncResolver-bootstrap-executor-%d] [statistic-service,,]c.n.d.s.r.aws.ConfigClusterResolver      : Resolving eureka endpoints via configuration
2025-09-04T16:51:55.724+07:00  INFO 40810 --- [account-service] [AsyncResolver-bootstrap-executor-%d] [account-service,,]c.n.d.s.r.aws.ConfigClusterResolver      : Resolving eureka endpoints via configuration
